RT Treatment Days,RT Dose (Gy),anti-PD-1 Treatment Days,anti-PD-1 Dose (mg),anti-CTLA-4 Treatment Days,anti-CTLA-4 Dose (mg),Mean TCP,Mean Time to reach Minimum Tumour Cell Count,List of TCPs,List of Times to Reach Minimum Tumour Cell Count
[10],[15.44206112],[10],0.6,[10],0,0.08737880607871899,10.1,"[1.83156389e-02 3.67879441e-01 9.11881966e-04 4.24835426e-18
 4.97870684e-02]",[10.5 10.  10.  10.  10. ]
[10],[15.44206112],[11],0.6,[10],0,0.2469818839944682,11.120000000000001,"[4.97870684e-02 1.35335283e-01 4.97870684e-02 2.31952283e-16
 1.00000000e+00]",[10.   12.35 10.   10.1  13.15]
[10],[15.44206112],[12],0.6,[10],0,0.2754192280694897,11.15,"[3.67879441e-01 6.73794700e-03 2.47875218e-03 2.54366565e-13
 1.00000000e+00]",[12.25 10.   10.   10.   13.5 ]
[10],[15.44206112],[13],0.6,[10],0,0.03855443611660092,10.430000000000001,"[4.97870684e-02 1.35335283e-01 6.73794700e-03 1.38879439e-11
 9.11881966e-04]",[12.05 10.1  10.   10.   10.  ]
[10],[15.44206112],[14],0.6,[10],0,0.10448844905246875,10.02,"[1.35335283e-01 3.67879441e-01 9.11881966e-04 5.74952226e-19
 1.83156389e-02]",[10.1 10.  10.  10.  10. ]
[10],[15.44206112],[15],0.6,[10],0,0.12820575196426687,11.350000000000001,"[3.67879441e-01 1.35335283e-01 1.35335283e-01 2.31952283e-16
 2.47875218e-03]",[16.6  10.   10.05 10.1  10.  ]
[10],[15.44206112],[16],0.6,[10],0,0.17556642251571658,11.16,"[3.67879441e-01 1.35335283e-01 6.73794700e-03 6.47023493e-26
 3.67879441e-01]",[10.  10.  11.8 10.  14. ]
[10],[15.44206112],[17],0.6,[10],0,0.010638880842175015,10.35,"[9.11881966e-04 4.97870684e-02 1.67017008e-05 1.15482242e-17
 2.47875218e-03]",[10.55 10.   10.   10.   11.2 ]
[10],[15.44206112],[18],0.6,[10],0,0.10565366205931323,13.09,"[1.83156389e-02 3.67879441e-01 6.73794700e-03 6.91440011e-13
 1.35335283e-01]",[20.7  10.   13.15 10.   11.6 ]
[10],[15.44206112],[19],0.6,[10],0,0.22774518347576672,11.95,"[1.35335283e-01 1.00000000e+00 9.11881966e-04 4.24835426e-18
 2.47875218e-03]",[10.   19.75 10.   10.   10.  ]
[10],[15.44206112],[20],0.6,[10],0,0.04435072587741081,10.0,"[1.83156389e-02 1.35335283e-01 1.83156389e-02 5.10908903e-12
 4.97870684e-02]",[10. 10. 10. 10. 10.]
[10],[15.44206112],[21],0.6,[10],0,0.05914483047225989,10.0,"[1.83156389e-02 1.35335283e-01 6.73794700e-03 2.54366565e-13
 1.35335283e-01]",[10. 10. 10. 10. 10.]
[10],[15.44206112],[22],0.6,[10],0,0.01515050724424762,10.129999999999999,"[1.83156389e-02 4.97870684e-02 9.11881966e-04 1.56288219e-18
 6.73794700e-03]",[10.65 10.   10.   10.   10.  ]
[10],[15.44206112],[23],0.6,[10],0,0.13766741520250728,11.3,"[1.35335283e-01 3.67879441e-01 4.97870684e-02 4.65888615e-15
 1.35335283e-01]",[10.  16.5 10.  10.  10. ]
[10],[15.44206112],[24],0.6,[10],0,0.27382535715297984,10.42,"[1.00000000e+00 3.67879441e-01 9.11881966e-04 1.15482242e-17
 3.35462628e-04]",[12.1 10.  10.  10.  10. ]
[10],[15.44206112],[25],0.6,[10],0,0.04832947339428615,10.1,"[6.73794700e-03 1.35335283e-01 4.97870684e-02 4.65888615e-15
 4.97870684e-02]",[10.  10.  10.  10.  10.5]
[10],[15.44206112],[26],0.6,[10],0,0.22357795512489242,10.51,"[4.97870684e-02 4.97870684e-02 1.83156389e-02 3.13913279e-17
 1.00000000e+00]",[10.   10.   10.   10.   12.55]
[10],[15.44206112],[27],0.6,[10],0,0.24779472135018796,10.0,"[3.67879441e-01 3.67879441e-01 1.35335283e-01 2.31952283e-16
 3.67879441e-01]",[10. 10. 10. 10. 10.]
[10],[15.44206112],[28],0.6,[10],0,0.0837247582869247,10.0,"[9.11881966e-04 3.67879441e-01 4.53999298e-05 2.31952283e-16
 4.97870684e-02]",[10. 10. 10. 10. 10.]
[10],[15.44206112],[29],0.6,[10],0,0.017779419664399856,10.73,"[2.47875218e-03 1.83156389e-02 4.97870684e-02 6.30511676e-16
 1.83156389e-02]",[13.65 10.   10.   10.   10.  ]
[10],[15.44206112],[30],0.6,[10],0,0.034402392188768706,10.0,"[1.83156389e-02 1.35335283e-01 4.53999298e-05 2.86251858e-20
 1.83156389e-02]",[10. 10. 10. 10. 10.]
[11],[15.44206112],[10],0.6,[10],0,0.04704897652004862,13.24,"[4.97870684e-02 1.35335283e-01 3.35462628e-04 3.22134029e-27
 4.97870684e-02]",[16.15 17.05 11.   11.   11.  ]
[11],[15.44206112],[11],0.6,[10],0,0.07676681746925593,11.940000000000001,"[3.67879441e-01 2.47875218e-03 6.73794700e-03 5.90009054e-29
 6.73794700e-03]",[14.5 11.  11.  11.  12.2]
[11],[15.44206112],[12],0.6,[10],0,0.005260186096255335,11.0,"[1.83156389e-02 6.73794700e-03 9.11881966e-04 2.86251858e-20
 3.35462628e-04]",[11. 11. 11. 11. 11.]
[11],[15.44206112],[13],0.6,[10],0,0.07457646909090751,11.01,"[2.47875218e-03 3.67879441e-01 4.53999298e-05 8.75651076e-27
 2.47875218e-03]",[11.   11.   11.   11.05 11.  ]
[11],[15.44206112],[14],0.6,[10],0,0.4041588782130801,11.290000000000001,"[1.83156389e-02 1.00000000e+00 2.47875218e-03 1.60381089e-28
 1.00000000e+00]",[11.   11.   11.15 11.   12.3 ]
[11],[15.44206112],[15],0.6,[10],0,0.07774384643332108,11.06,"[1.83156389e-02 3.67879441e-01 4.53999298e-05 7.98490425e-30
 2.47875218e-03]",[11.1 11.  11.2 11.  11. ]
[11],[15.44206112],[16],0.6,[10],0,0.021758167182295944,11.05,"[4.97870684e-02 4.97870684e-02 6.73794700e-03 1.92874985e-22
 2.47875218e-03]",[11.   11.   11.   11.   11.25]
[11],[15.44206112],[17],0.6,[10],0,0.07432110758831315,11.0,"[9.11881966e-04 2.47875218e-03 3.35462628e-04 1.18506486e-27
 3.67879441e-01]",[11. 11. 11. 11. 11.]
[11],[15.44206112],[18],0.6,[10],0,0.023760331518003313,11.0,"[4.97870684e-02 1.83156389e-02 9.11881966e-04 3.97544974e-31
 4.97870684e-02]",[11. 11. 11. 11. 11.]
[11],[15.44206112],[19],0.6,[10],0,0.07861128737266973,14.780000000000001,"[3.67879441e-01 1.83156389e-02 6.73794700e-03 3.22134029e-27
 1.23409804e-04]",[29.9 11.  11.  11.  11. ]
[11],[15.44206112],[20],0.6,[10],0,0.023602637085709748,11.0,"[4.97870684e-02 4.97870684e-02 1.23409804e-04 5.90009054e-29
 1.83156389e-02]",[11. 11. 11. 11. 11.]
[11],[15.44206112],[21],0.6,[10],0,0.00550980795305525,11.690000000000001,"[1.83156389e-02 6.73794700e-03 1.67017008e-05 1.60381089e-28
 2.47875218e-03]",[14.45 11.   11.   11.   11.  ]
[11],[15.44206112],[22],0.6,[10],0,0.22357795512489242,11.8,"[1.83156389e-02 4.97870684e-02 4.97870684e-02 3.53262857e-24
 1.00000000e+00]",[12.15 13.85 11.   11.   11.  ]
[11],[15.44206112],[23],0.6,[10],0,0.005102491663961768,11.43,"[6.73794700e-03 1.83156389e-02 1.23409804e-04 2.38026641e-26
 3.35462628e-04]",[11.   11.   12.   11.   12.15]
[11],[15.44206112],[24],0.6,[10],0,0.061460368850138745,11.11,"[1.35335283e-01 1.83156389e-02 1.83156389e-02 5.90009054e-29
 1.35335283e-01]",[11.3  11.   11.   11.   11.25]
[11],[15.44206112],[25],0.6,[10],0,0.008677185295468815,11.0,"[1.83156389e-02 6.73794700e-03 1.67017008e-05 5.90009054e-29
 1.83156389e-02]",[11. 11. 11. 11. 11.]
[11],[15.44206112],[26],0.6,[10],0,0.028919476468425402,11.09,"[2.47875218e-03 1.35335283e-01 4.53999298e-05 2.61027907e-23
 6.73794700e-03]",[11.4  11.   11.   11.05 11.  ]
[11],[15.44206112],[27],0.6,[10],0,0.03005461741382927,11.49,"[4.97870684e-02 4.97870684e-02 4.97870684e-02 7.98490425e-30
 9.11881966e-04]",[13.4  11.   11.   11.   11.05]
[11],[15.44206112],[28],0.6,[10],0,0.028664114965831045,11.0,"[9.11881966e-04 1.35335283e-01 3.35462628e-04 2.38026641e-26
 6.73794700e-03]",[11. 11. 11. 11. 11.]
[11],[15.44206112],[29],0.6,[10],0,0.028779398833361447,11.0,"[9.11881966e-04 1.35335283e-01 9.11881966e-04 5.24288566e-22
 6.73794700e-03]",[11. 11. 11. 11. 11.]
[11],[15.44206112],[30],0.6,[10],0,0.020906328217812124,11.0,"[4.97870684e-02 4.97870684e-02 2.47875218e-03 3.53262857e-24
 2.47875218e-03]",[11. 11. 11. 11. 11.]
[12],[15.44206112],[10],0.6,[10],0,0.08506326770078926,12.05,"[9.11881966e-04 3.67879441e-01 6.73794700e-03 2.03109266e-42
 4.97870684e-02]",[12.1  12.   12.15 12.   12.  ]
[12],[15.44206112],[11],0.6,[10],0,0.08356132420883665,14.9,"[1.23409804e-04 3.67879441e-01 1.67017008e-05 5.52108228e-42
 4.97870684e-02]",[12.  26.3 12.2 12.  12. ]
[12],[15.44206112],[12],0.6,[10],0,0.2774213924051462,14.170000000000002,"[3.67879441e-01 1.00000000e+00 9.11881966e-04 1.85211677e-45
 1.83156389e-02]",[12.   18.95 12.   12.   15.9 ]
[12],[15.44206112],[13],0.6,[10],0,0.28353664224801933,14.15,"[3.67879441e-01 4.97870684e-02 1.67017008e-05 1.85211677e-45
 1.00000000e+00]",[13.85 12.   12.   12.   20.9 ]
[12],[15.44206112],[14],0.6,[10],0,0.024925544524709506,12.28,"[4.97870684e-02 4.97870684e-02 1.83156389e-02 4.18639400e-51
 6.73794700e-03]",[12.   12.55 12.   12.   12.85]
[12],[15.44206112],[15],0.6,[10],0,0.002406182796064139,12.09,"[2.47875218e-03 6.73794700e-03 3.35462628e-04 8.19401262e-40
 2.47875218e-03]",[12.35 12.   12.1  12.   12.  ]
[12],[15.44206112],[16],0.6,[10],0,0.027274567067132178,12.0,"[1.23409804e-04 1.35335283e-01 2.26032941e-06 2.50656748e-46
 9.11881966e-04]",[12. 12. 12. 12. 12.]
[12],[15.44206112],[17],0.6,[10],0,0.020164296265836983,12.31,"[4.97870684e-02 4.97870684e-02 3.35462628e-04 3.09335001e-50
 9.11881966e-04]",[13.45 12.   12.1  12.   12.  ]
[12],[15.44206112],[18],0.6,[10],0,0.07591497850477211,12.0,"[6.73794700e-03 3.67879441e-01 2.47875218e-03 7.47197234e-43
 2.47875218e-03]",[12. 12. 12. 12. 12.]
[12],[15.44206112],[19],0.6,[10],0,0.014971471191294763,12.32,"[1.83156389e-02 4.97870684e-02 1.67017008e-05 2.03109266e-42
 6.73794700e-03]",[12.  13.6 12.  12.  12. ]
[12],[15.44206112],[20],0.6,[10],0,0.20750863194860458,13.5,"[1.00000000e+00 1.83156389e-02 9.11881966e-04 2.74878501e-43
 1.83156389e-02]",[18.25 12.   12.   12.   13.25]
[12],[15.44206112],[21],0.6,[10],0,0.027748523815924762,12.059999999999999,"[2.47875218e-03 1.35335283e-01 1.67017008e-05 2.22736356e-39
 9.11881966e-04]",[12.3 12.  12.  12.  12. ]
[12],[15.44206112],[22],0.6,[10],0,0.15710964220803111,12.919999999999998,"[3.67879441e-01 3.67879441e-01 2.26032941e-06 2.03109266e-42
 4.97870684e-02]",[15.8 12.8 12.  12.  12. ]
[12],[15.44206112],[23],0.6,[10],0,0.01032339530226526,12.35,"[9.11881966e-04 4.97870684e-02 6.14421235e-06 3.72007598e-44
 9.11881966e-04]",[12.   13.75 12.   12.   12.  ]
[12],[15.44206112],[24],0.6,[10],0,0.07726386427859647,12.84,"[1.23409804e-04 3.67879441e-01 8.31528719e-07 3.72007598e-44
 1.83156389e-02]",[12.  16.  12.2 12.  12. ]
[12],[15.44206112],[25],0.6,[10],0,0.00740242806702667,12.05,"[1.83156389e-02 1.83156389e-02 4.53999298e-05 1.68891188e-48
 3.35462628e-04]",[12.   12.25 12.   12.   12.  ]
[12],[15.44206112],[26],0.6,[10],0,0.009992404462813288,12.01,"[1.23409804e-04 4.97870684e-02 6.14421235e-06 4.59093847e-48
 4.53999298e-05]",[12.   12.   12.05 12.   12.  ]
[12],[15.44206112],[27],0.6,[10],0,0.006425399102961525,12.27,"[1.83156389e-02 6.73794700e-03 6.73794700e-03 2.50656748e-46
 3.35462628e-04]",[13.1  12.   12.25 12.   12.  ]
[12],[15.44206112],[28],0.6,[10],0,0.00020873926228030104,12.1,"[9.11881966e-04 1.23409804e-04 6.14421235e-06 2.22736356e-39
 2.26032941e-06]",[12.5 12.  12.  12.  12. ]
[12],[15.44206112],[29],0.6,[10],0,0.0020347962142137654,12.09,"[9.11881966e-04 2.47875218e-03 4.53999298e-05 1.01122149e-43
 6.73794700e-03]",[12.45 12.   12.   12.   12.  ]
[12],[15.44206112],[30],0.6,[10],0,0.014125371872605394,12.0,"[1.83156389e-02 4.97870684e-02 4.53999298e-05 3.72007598e-44
 2.47875218e-03]",[12. 12. 12. 12. 12.]
[13],[15.44206112],[10],0.6,[10],0,0.014125371872605392,13.02,"[4.97870684e-02 2.47875218e-03 4.53999298e-05 5.44055988e-75
 1.83156389e-02]",[13.1 13.  13.  13.  13. ]
[13],[15.44206112],[11],0.6,[10],0,0.001381517652330747,13.059999999999999,"[1.23409804e-04 6.73794700e-03 8.31528719e-07 4.40853133e-71
 4.53999298e-05]",[13.  13.3 13.  13.  13. ]
[13],[15.44206112],[12],0.6,[10],0,0.007393348136863537,13.680000000000001,"[3.35462628e-04 1.83156389e-02 2.78946809e-10 7.36299712e-76
 1.83156389e-02]",[15.8 13.6 13.  13.  13. ]
[13],[15.44206112],[13],0.6,[10],0,0.010635601682481063,14.0,"[9.11881966e-04 4.97870684e-02 3.05902321e-07 4.52398179e-81
 2.47875218e-03]",[17.55 13.35 13.1  13.   13.  ]
[13],[15.44206112],[14],0.6,[10],0,0.027135400522408648,13.709999999999999,"[1.35335283e-01 3.35462628e-04 1.12535175e-07 5.44055988e-75
 6.14421235e-06]",[16.55 13.   13.   13.   13.  ]
[13],[15.44206112],[15],0.6,[10],0,0.008004382383937848,13.74,"[2.47875218e-03 1.83156389e-02 9.11881966e-04 2.00147013e-75
 1.83156389e-02]",[13.1 16.6 13.  13.  13. ]
[13],[15.44206112],[16],0.6,[10],0,0.2101402421325651,14.419999999999998,"[9.11881966e-04 4.97870684e-02 2.26032941e-06 7.36299712e-76
 1.00000000e+00]",[13.   13.55 13.2  13.   19.35]
[13],[15.44206112],[17],0.6,[10],0,0.0027200270661953433,13.0,"[1.23409804e-04 6.73794700e-03 8.31528719e-07 2.70869527e-76
 6.73794700e-03]",[13. 13. 13. 13. 13.]
[13],[15.44206112],[18],0.6,[10],0,0.006361646917539071,14.64,"[6.73794700e-03 6.73794700e-03 1.67017008e-05 1.47889751e-74
 1.83156389e-02]",[20.1 13.  13.  13.  14.1]
[13],[15.44206112],[19],0.6,[10],0,0.0015548140594891535,13.91,"[1.23409804e-04 9.11881966e-04 8.31528719e-07 2.70869527e-76
 6.73794700e-03]",[17.   13.   13.   13.   13.55]
[13],[15.44206112],[20],0.6,[10],0,0.027137490633620382,13.219999999999999,"[1.67017008e-05 3.35462628e-04 5.60279644e-09 1.09276566e-73
 1.35335283e-01]",[13.  13.  13.1 13.  14. ]
[13],[15.44206112],[21],0.6,[10],0,0.0032000092209199553,13.040000000000001,"[6.73794700e-03 6.73794700e-03 4.53999298e-05 1.77852848e-68
 2.47875218e-03]",[13.  13.  13.1 13.  13.1]
[13],[15.44206112],[22],0.6,[10],0,0.002880895532903139,13.14,"[6.73794700e-03 9.11881966e-04 1.67017008e-05 4.40853133e-71
 6.73794700e-03]",[13.  13.  13.  13.  13.7]
[13],[15.44206112],[23],0.6,[10],0,0.0011738997708123904,13.0,"[2.47875218e-03 9.11881966e-04 1.12535175e-07 4.40853133e-71
 2.47875218e-03]",[13. 13. 13. 13. 13.]
[13],[15.44206112],[24],0.6,[10],0,0.0274351497737024,13.38,"[1.35335283e-01 9.11881966e-04 1.67017008e-05 4.52398179e-81
 9.11881966e-04]",[14.9 13.  13.  13.  13. ]
[13],[15.44206112],[25],0.6,[10],0,0.027201264205518487,13.080000000000002,"[1.35335283e-01 3.35462628e-04 1.12535175e-07 1.47889751e-74
 3.35462628e-04]",[13.4 13.  13.  13.  13. ]
[13],[15.44206112],[26],0.6,[10],0,0.011329686154766505,13.330000000000002,"[1.23409804e-04 4.97870684e-02 5.60279644e-09 4.96114844e-78
 6.73794700e-03]",[13.05 14.25 13.   13.   13.35]
[13],[15.44206112],[27],0.6,[10],0,0.04068762060567711,15.330000000000002,"[1.83156389e-02 4.97870684e-02 1.12535175e-07 9.08666032e-80
 1.35335283e-01]",[17.1  13.   13.75 13.   19.8 ]
[13],[15.44206112],[28],0.6,[10],0,9.300637486445286e-05,13.0,"[6.14421235e-06 1.23409804e-04 1.52299797e-08 9.96473301e-77
 3.35462628e-04]",[13. 13. 13. 13. 13.]
[13],[15.44206112],[29],0.6,[10],0,0.028910848548354302,13.12,"[1.35335283e-01 2.47875218e-03 2.26032941e-06 5.44055988e-75
 6.73794700e-03]",[13.6 13.  13.  13.  13. ]
[13],[15.44206112],[30],0.6,[10],0,0.013687800282643946,13.7,"[3.35462628e-04 1.83156389e-02 8.31528719e-07 1.22974575e-80
 4.97870684e-02]",[13.  13.  13.  13.  16.5]
[14],[15.44206112],[10],0.6,[10],0,0.0014237623235808174,14.02,"[4.53999298e-005 6.73794700e-003 2.06115362e-009 7.25561126e-109
 3.35462628e-004]",[14.1 14.  14.  14.  14. ]
[14],[15.44206112],[11],0.6,[10],0,0.0019105986664746878,14.05,"[2.47875218e-003 6.73794700e-003 8.31528719e-007 1.45732848e-107
 3.35462628e-004]",[14.   14.   14.   14.   14.25]
[14],[15.44206112],[12],0.6,[10],0,0.07510591520768056,14.0,"[9.11881966e-004 3.67879441e-001 3.05902321e-007 1.32891156e-110
 6.73794700e-003]",[14. 14. 14. 14. 14.]
[14],[15.44206112],[13],0.6,[10],0,0.0002528123048454037,14.0,"[1.67017008e-005 9.11881966e-004 1.52299797e-008 3.80403403e-130
 3.35462628e-004]",[14. 14. 14. 14. 14.]
[14],[15.44206112],[14],0.6,[10],0,0.028417986407821443,14.0,"[1.67017008e-005 1.35335283e-001 1.02618796e-010 1.89391702e-131
 6.73794700e-003]",[14. 14. 14. 14. 14.]
[14],[15.44206112],[15],0.6,[10],0,0.0023391127775185803,14.040000000000001,"[6.73794700e-003 2.47875218e-003 1.12535175e-007 2.07693220e-128
 2.47875218e-003]",[14.2 14.  14.  14.  14. ]
[14],[15.44206112],[16],0.6,[10],0,0.0001387542337897195,14.38,"[3.35462628e-004 3.35462628e-004 6.14421235e-006 5.50161108e-118
 1.67017008e-005]",[14.75 14.15 14.   14.   15.  ]
[14],[15.44206112],[17],0.6,[10],0,0.0007028088097852702,14.0,"[9.11881966e-004 2.47875218e-003 1.02618796e-010 1.10502813e-116
 1.23409804e-004]",[14. 14. 14. 14. 14.]
[14],[15.44206112],[18],0.6,[10],0,0.011305169530784911,14.3,"[8.31528719e-007 4.97870684e-002 7.58256043e-010 6.35338381e-135
 6.73794700e-003]",[14.  14.  14.  14.  15.5]
[14],[15.44206112],[19],0.6,[10],0,0.0005204936324040698,14.02,"[1.23409804e-004 2.47875218e-003 2.78946809e-010 9.42925762e-133
 3.05902321e-007]",[14.1 14.  14.  14.  14. ]
[14],[15.44206112],[20],0.6,[10],0,0.00010102077809415597,14.030000000000001,"[1.23409804e-004 3.35462628e-004 8.31528719e-007 5.50161108e-118
 4.53999298e-005]",[14.15 14.   14.   14.   14.  ]
[14],[15.44206112],[21],0.6,[10],0,0.0010585964422429948,14.05,"[3.35462628e-004 2.47875218e-003 1.52299797e-008 5.01681993e-121
 2.47875218e-003]",[14.   14.25 14.   14.   14.  ]
[14],[15.44206112],[22],0.6,[10],0,0.0005640748493803886,14.280000000000001,"[2.47875218e-003 3.35462628e-004 1.52299797e-008 1.53465686e-127
 6.14421235e-006]",[15.4 14.  14.  14.  14. ]
[14],[15.44206112],[23],0.6,[10],0,0.0005139104630276275,14.09,"[4.53999298e-005 4.53999298e-005 2.78946809e-010 1.10502813e-116
 2.47875218e-003]",[14.   14.4  14.05 14.   14.  ]
[14],[15.44206112],[24],0.6,[10],0,0.003669830965097878,14.0,"[1.67017008e-005 1.83156389e-002 1.12535175e-007 2.56313796e-132
 1.67017008e-005]",[14. 14. 14. 14. 14.]
[14],[15.44206112],[25],0.6,[10],0,0.03709201491235723,14.09,"[4.97870684e-002 1.35335283e-001 2.26032941e-006 1.64000715e-114
 3.35462628e-004]",[14.45 14.   14.   14.   14.  ]
[14],[15.44206112],[26],0.6,[10],0,0.000992752220172153,14.02,"[6.14421235e-006 2.47875218e-003 1.12535175e-007 1.03404366e-129
 2.47875218e-003]",[14.1 14.  14.  14.  14. ]
[14],[15.44206112],[27],0.6,[10],0,0.0013724376739285191,14.0,"[1.23409804e-004 6.73794700e-003 3.77513454e-011 1.03404366e-129
 8.31528719e-007]",[14. 14. 14. 14. 14.]
[14],[15.44206112],[28],0.6,[10],0,0.0005661833215955825,14.0,"[1.67017008e-005 3.35462628e-004 1.02618796e-010 4.17162985e-127
 2.47875218e-003]",[14. 14. 14. 14. 14.]
[14],[15.44206112],[29],0.6,[10],0,7.377321344686972e-05,14.0,"[1.67017008e-005 3.35462628e-004 3.77513454e-011 4.81749166e-144
 1.67017008e-005]",[14. 14. 14. 14. 14.]
[14],[15.44206112],[30],0.6,[10],0,0.004229311078818659,14.02,"[1.67017008e-005 1.83156389e-002 2.47875218e-003 9.18862622e-123
 3.35462628e-004]",[14.  14.  14.1 14.  14. ]
[15],[15.44206112],[10],0.6,[10],0,0.0027200270661953433,15.01,"[1.23409804e-004 6.73794700e-003 8.31528719e-007 1.45218892e-183
 6.73794700e-003]",[15.   15.   15.   15.   15.05]
[15],[15.44206112],[11],0.6,[10],0,0.0014180224172068534,15.209999999999999,"[1.67017008e-005 3.35462628e-004 7.58256043e-010 1.07303054e-182
 6.73794700e-003]",[15.   15.   15.   15.   16.05]
[15],[15.44206112],[12],0.6,[10],0,0.010025735041762244,15.0,"[6.14421235e-006 4.97870684e-002 6.91440011e-013 1.03039690e-205
 3.35462628e-004]",[15. 15. 15. 15. 15.]
[15],[15.44206112],[13],0.6,[10],0,0.0018680217963436066,15.660000000000002,"[1.23409804e-004 6.73794700e-003 1.87952882e-012 2.80090916e-205
 2.47875218e-003]",[15.95 15.   15.   15.   17.35]
[15],[15.44206112],[14],0.6,[10],0,3.673363876415047e-06,15.169999999999998,"[8.31528719e-007 8.31528719e-007 2.06115362e-009 5.62577643e-204
 1.67017008e-005]",[15.75 15.   15.   15.   15.1 ]
[15],[15.44206112],[15],0.6,[10],0,0.0005048916575392308,15.2,"[3.05902321e-007 2.47875218e-003 2.78946809e-010 5.77310406e-214
 4.53999298e-005]",[15.75 15.   15.   15.   15.25]
[15],[15.44206112],[16],0.6,[10],0,0.0005052824881889826,15.080000000000002,"[4.53999298e-005 2.47875218e-003 5.10908903e-012 8.79242579e-222
 2.26032941e-006]",[15.4 15.  15.  15.  15. ]
[15],[15.44206112],[17],0.6,[10],0,3.966991658703626e-06,15.0,"[4.13993772e-008 1.67017008e-005 8.31528719e-007 2.17942446e-224
 2.26032941e-006]",[15. 15. 15. 15. 15.]
[15],[15.44206112],[18],0.6,[10],0,0.0006781493354792448,15.0,"[1.12535175e-007 9.11881966e-004 6.30511676e-016 2.80090916e-205
 2.47875218e-003]",[15. 15. 15. 15. 15.]
[15],[15.44206112],[19],0.6,[10],0,0.00020053636539180296,15.36,"[4.53999298e-005 9.11881966e-004 1.87952882e-012 3.73533395e-239
 4.53999298e-005]",[15.   16.35 15.   15.   15.45]
[15],[15.44206112],[20],0.6,[10],0,0.0002012858566169447,15.030000000000001,"[3.35462628e-004 3.35462628e-004 4.13993772e-008 1.61038896e-223
 3.35462628e-004]",[15.   15.   15.15 15.   15.  ]
[15],[15.44206112],[21],0.6,[10],0,0.009966555960548674,15.530000000000001,"[4.53999298e-005 3.05902321e-007 5.60279644e-009 4.15691777e-203
 4.97870684e-002]",[15.15 15.   15.   15.   17.5 ]
[15],[15.44206112],[22],0.6,[10],0,0.00020711994662306403,15.0,"[1.23409804e-004 9.11881966e-004 2.06115362e-009 5.13004407e-207
 3.05902321e-007]",[15. 15. 15. 15. 15.]
[15],[15.44206112],[23],0.6,[10],0,9.178291792448441e-05,15.0,"[4.13993772e-008 1.23409804e-004 7.58256043e-010 2.06960749e-204
 3.35462628e-004]",[15. 15. 15. 15. 15.]
[15],[15.44206112],[24],0.6,[10],0,0.0735765066059138,17.19,"[2.26032941e-006 8.31528719e-007 6.30511676e-016 8.01765451e-225
 3.67879441e-001]",[15.   15.25 15.   15.   25.7 ]
[15],[15.44206112],[25],0.6,[10],0,0.00025854896043326443,15.4,"[4.53999298e-005 3.35462628e-004 2.78946809e-010 2.55409855e-208
 9.11881966e-004]",[15. 17. 15. 15. 15.]
[15],[15.44206112],[26],0.6,[10],0,7.166998808465471e-05,15.0,"[6.14421235e-006 1.67017008e-005 4.13993772e-008 9.39600347e-209
 3.35462628e-004]",[15. 15. 15. 15. 15.]
[15],[15.44206112],[27],0.6,[10],0,0.00025854890742149135,15.2,"[4.53999298e-005 3.35462628e-004 1.38879439e-011 3.15200801e-212
 9.11881966e-004]",[15. 15. 15. 15. 16.]
[15],[15.44206112],[28],0.6,[10],0,0.0099587262035425,15.12,"[6.14421235e-006 4.97870684e-002 1.12535175e-007 1.61038896e-223
 3.05902321e-007]",[15.55 15.05 15.   15.   15.  ]
[15],[15.44206112],[29],0.6,[10],0,6.848782544619729e-05,15.1,"[8.31528719e-007 3.35462628e-004 7.58256043e-010 4.92621719e-230
 6.14421235e-006]",[15.5 15.  15.  15.  15. ]
[15],[15.44206112],[30],0.6,[10],0,0.0014237619141276815,15.09,"[4.53999298e-005 6.73794700e-003 1.38879439e-011 9.64206566e-219
 3.35462628e-004]",[15.3  15.   15.   15.   15.15]
[16],[15.44206112],[10],0.6,[10],0,0.00023174031512148086,16.36,"[1.23409804e-004 9.11881966e-004 1.87952882e-012 2.03223080e-313
 1.23409804e-004]",[17.8 16.  16.  16.  16. ]
[16],[15.44206112],[11],0.6,[10],0,0.000991667177432182,17.729999999999997,"[2.47875218e-003 8.31528719e-007 5.10908903e-012 3.39417170e-318
 2.47875218e-003]",[24.6  16.   16.   16.   16.05]
[16],[15.44206112],[12],0.6,[10],0,2.49094480470748e-05,16.21,"[1.23409804e-04 3.05902321e-07 5.10908903e-12 0.00000000e+00
 8.31528719e-07]",[16.   16.55 16.   16.   16.5 ]
[16],[15.44206112],[13],0.6,[10],0,9.698357578645673e-06,16.04,"[8.31528719e-07 2.26032941e-06 4.65888615e-15 0.00000000e+00
 4.53999298e-05]",[16.2 16.  16.  16.  16. ]
[16],[15.44206112],[14],0.6,[10],0,0.0099577462926107,16.770000000000003,"[8.31528719e-07 4.97870684e-02 3.77513454e-11 0.00000000e+00
 8.31528719e-07]",[16.   19.2  16.   16.   16.65]
[16],[15.44206112],[15],0.6,[10],0,0.0005204324520782575,17.43,"[2.78946809e-10 1.23409804e-04 6.91440011e-13 0.00000000e+00
 2.47875218e-03]",[16.6  16.   16.   16.   22.55]
[16],[15.44206112],[16],0.6,[10],0,6.199044152289196e-07,16.02,"[2.26032941e-06 8.31528719e-07 2.06115362e-09 0.00000000e+00
 5.60279644e-09]",[16.1 16.  16.  16.  16. ]
[16],[15.44206112],[17],0.6,[10],0,9.26879873814649e-06,16.0,"[1.12535175e-07 4.53999298e-05 3.44247711e-14 0.00000000e+00
 8.31528719e-07]",[16. 16. 16. 16. 16.]
[16],[15.44206112],[18],0.6,[10],0,2.5913849283951346e-05,16.2,"[1.52299797e-08 1.23409804e-04 4.24835426e-18 0.00000000e+00
 6.14421235e-06]",[16.5  16.45 16.05 16.   16.  ]
[16],[15.44206112],[19],0.6,[10],0,2.1329742843313767e-06,16.0,"[2.26032941e-06 6.14421235e-06 2.54366565e-13 0.00000000e+00
 2.26032941e-06]",[16. 16. 16. 16. 16.]
[16],[15.44206112],[20],0.6,[10],0,9.984117715290242e-06,16.0,"[2.26032941e-06 2.26032941e-06 4.24835426e-18 0.00000000e+00
 4.53999298e-05]",[16. 16. 16. 16. 16.]
[16],[15.44206112],[21],0.6,[10],0,7.618079142715216e-05,16.0,"[4.13993772e-08 4.53999298e-05 9.35762297e-14 0.00000000e+00
 3.35462628e-04]",[16. 16. 16. 16. 16.]
[16],[15.44206112],[22],0.6,[10],0,1.2401711196409278e-06,16.009999999999998,"[1.52299797e-08 4.13993772e-08 1.38879439e-11 0.00000000e+00
 6.14421235e-06]",[16.05 16.   16.   16.   16.  ]
[16],[15.44206112],[23],0.6,[10],0,0.0013542700801332378,16.310000000000002,"[6.73794700e-03 1.67017008e-05 2.31952283e-16 0.00000000e+00
 1.67017008e-05]",[17.4  16.   16.   16.   16.15]
[16],[15.44206112],[24],0.6,[10],0,2.5919083182154375e-05,16.0,"[4.13993772e-08 1.23409804e-04 9.35762297e-14 0.00000000e+00
 6.14421235e-06]",[16. 16. 16. 16. 16.]
[16],[15.44206112],[25],0.6,[10],0,3.5291529368145467e-06,16.0,"[8.31528719e-07 1.12535175e-07 4.24835426e-18 0.00000000e+00
 1.67017008e-05]",[16. 16. 16. 16. 16.]
[16],[15.44206112],[26],0.6,[10],0,3.3302372089874796e-07,16.04,"[2.06115362e-09 8.31528719e-07 1.26641655e-14 0.00000000e+00
 8.31528719e-07]",[16.  16.  16.  16.  16.2]
[16],[15.44206112],[27],0.6,[10],0,3.9066792703946704e-08,16.0,"[4.13993772e-08 4.13993772e-08 3.44247711e-14 0.00000000e+00
 1.12535175e-07]",[16. 16. 16. 16. 16.]
[16],[15.44206112],[28],0.6,[10],0,2.483962631271311e-08,16.0,"[4.13993772e-08 4.13993772e-08 1.05306174e-20 0.00000000e+00
 4.13993772e-08]",[16. 16. 16. 16. 16.]
[16],[15.44206112],[29],0.6,[10],0,2.4712747727763732e-05,16.04,"[1.23409804e-04 4.13993772e-08 2.31952283e-16 0.00000000e+00
 1.12535175e-07]",[16.  16.2 16.  16.  16. ]
[16],[15.44206112],[30],0.6,[10],0,2.4848287223203893e-05,16.0,"[8.31528719e-07 1.02618796e-10 6.91440011e-13 0.00000000e+00
 1.23409804e-04]",[16. 16. 16. 16. 16.]
[17],[15.44206112],[10],0.6,[10],0,1.6820289113664266e-06,17.0,"[5.60279644e-09 2.26032941e-06 8.53304763e-17 0.00000000e+00
 6.14421235e-06]",[17. 17. 17. 17. 17.]
[17],[15.44206112],[11],0.6,[10],0,0.0004974313436854597,17.0,"[6.14421235e-06 2.47875218e-03 6.30511676e-16 0.00000000e+00
 2.26032941e-06]",[17. 17. 17. 17. 17.]
[17],[15.44206112],[12],0.6,[10],0,6.715376183398165e-05,17.25,"[2.78946809e-10 3.05902321e-07 8.53304763e-17 0.00000000e+00
 3.35462628e-04]",[17.15 17.   17.   17.   18.1 ]
[17],[15.44206112],[13],0.6,[10],0,3.853586522260954e-06,17.080000000000002,"[3.05902321e-07 2.26032941e-06 9.35762297e-14 0.00000000e+00
 1.67017008e-05]",[17.  17.4 17.  17.  17. ]
[17],[15.44206112],[14],0.6,[10],0,7.166170820921945e-05,17.75,"[3.35462628e-04 6.14421235e-06 1.15482242e-17 0.00000000e+00
 1.67017008e-05]",[20.75 17.   17.   17.   17.  ]
[17],[15.44206112],[15],0.6,[10],0,5.162923414478281e-07,17.0,"[3.05902321e-07 2.26032941e-06 1.15482242e-17 0.00000000e+00
 1.52299797e-08]",[17. 17. 17. 17. 17.]
[17],[15.44206112],[16],0.6,[10],0,3.4089136307899747e-07,17.29,"[8.31528719e-07 8.31528719e-07 7.09547416e-23 0.00000000e+00
 4.13993772e-08]",[18.05 17.4  17.   17.   17.  ]
[17],[15.44206112],[17],0.6,[10],0,1.2901745859746077e-06,17.0,"[3.05902321e-07 6.14421235e-06 2.11513104e-19 0.00000000e+00
 7.58256043e-10]",[17. 17. 17. 17. 17.]
[17],[15.44206112],[18],0.6,[10],0,3.3629029823548408e-06,17.03,"[2.78946809e-10 1.67017008e-05 7.09547416e-23 0.00000000e+00
 1.12535175e-07]",[17.   17.   17.   17.   17.15]
[17],[15.44206112],[19],0.6,[10],0,3.1093355799307655e-09,17.0,"[2.78946809e-10 3.77513454e-11 2.11513104e-19 0.00000000e+00
 1.52299797e-08]",[17. 17. 17. 17. 17.]
[17],[15.44206112],[20],0.6,[10],0,9.137987972929912e-09,17.02,"[1.52299797e-08 1.52299797e-08 6.30511676e-16 0.00000000e+00
 1.52299797e-08]",[17.1 17.  17.  17.  17. ]
[17],[15.44206112],[21],0.6,[10],0,3.5909190507618996e-10,17.0,"[2.78946809e-10 7.58256043e-10 6.30511676e-16 0.00000000e+00
 7.58256043e-10]",[17. 17. 17. 17. 17.]
[17],[15.44206112],[22],0.6,[10],0,2.3053220387087093e-07,17.0,"[1.52299797e-08 8.31528719e-07 4.24835426e-18 0.00000000e+00
 3.05902321e-07]",[17. 17. 17. 17. 17.]
[17],[15.44206112],[23],0.6,[10],0,2.468211524647602e-05,17.009999999999998,"[1.38879439e-11 1.23409804e-04 1.71390843e-15 0.00000000e+00
 7.58256043e-10]",[17.   17.05 17.   17.   17.  ]
[17],[15.44206112],[24],0.6,[10],0,1.6711402083698918e-08,17.259999999999998,"[4.13993772e-08 7.58256043e-10 7.09547416e-23 0.00000000e+00
 4.13993772e-08]",[18.3 17.  17.  17.  17. ]
[17],[15.44206112],[25],0.6,[10],0,6.194921854362091e-07,17.0,"[2.26032941e-06 5.60279644e-09 4.65888615e-15 0.00000000e+00
 8.31528719e-07]",[17. 17. 17. 17. 17.]
[17],[15.44206112],[26],0.6,[10],0,1.7459316952748748e-07,17.0,"[3.77513454e-11 8.31528719e-07 5.74952226e-19 0.00000000e+00
 4.13993772e-08]",[17. 17. 17. 17. 17.]
[17],[15.44206112],[27],0.6,[10],0,9.080549834430032e-06,17.25,"[7.58256043e-10 2.06115362e-09 7.78113224e-20 0.00000000e+00
 4.53999298e-05]",[18.25 17.   17.   17.   17.  ]
[17],[15.44206112],[28],0.6,[10],0,1.9709265420444534e-07,17.0,"[1.12535175e-07 8.31528719e-07 1.15482242e-17 0.00000000e+00
 4.13993772e-08]",[17. 17. 17. 17. 17.]
[17],[15.44206112],[29],0.6,[10],0,2.362797013943223e-08,17.0,"[5.60279644e-09 1.87952882e-12 1.15482242e-17 0.00000000e+00
 1.12535175e-07]",[17. 17. 17. 17. 17.]
[17],[15.44206112],[30],0.6,[10],0,3.906678581899249e-08,17.15,"[4.13993772e-08 4.13993772e-08 4.78089288e-25 0.00000000e+00
 1.12535175e-07]",[17.75 17.   17.   17.   17.  ]
[18],[15.44206112],[10],0.6,[10],0,4.806006583664618e-08,18.0,"[1.12535175e-07 1.52299797e-08 1.29958143e-24 0.00000000e+00
 1.12535175e-07]",[18. 18. 18. 18. 18.]
[18],[15.44206112],[11],0.6,[10],0,0.027068293769668638,19.64,"[1.35335283e-01 4.13993772e-08 1.29958143e-24 0.00000000e+00
 6.14421235e-06]",[26.2 18.  18.  18.  18. ]
[18],[15.44206112],[12],0.6,[10],0,2.4765648316426522e-05,18.06,"[1.23409804e-04 1.12535175e-07 2.31952283e-16 0.00000000e+00
 3.05902321e-07]",[18.25 18.   18.   18.   18.05]
[18],[15.44206112],[13],0.6,[10],0,3.499078924049853e-05,18.53,"[6.14421235e-06 4.53999298e-05 1.05306174e-20 0.00000000e+00
 1.23409804e-04]",[18.25 18.   18.   18.   20.4 ]
[18],[15.44206112],[14],0.6,[10],0,1.6634679133924038e-07,18.25,"[1.02618796e-10 8.31528719e-07 1.29958143e-24 0.00000000e+00
 1.02618796e-10]",[18.35 18.85 18.   18.   18.05]
[18],[15.44206112],[15],0.6,[10],0,5.238094482024685e-10,18.009999999999998,"[2.78946809e-10 2.06115362e-09 8.75651076e-27 0.00000000e+00
 2.78946809e-10]",[18.05 18.   18.   18.   18.  ]
[18],[15.44206112],[16],0.6,[10],0,2.570468210135259e-08,18.0,"[7.58256043e-10 1.52299797e-08 1.18506486e-27 0.00000000e+00
 1.12535175e-07]",[18. 18. 18. 18. 18.]
[18],[15.44206112],[17],0.6,[10],0,4.5513240110441677e-07,18.060000000000002,"[1.02618796e-10 1.52299797e-08 1.29958143e-24 0.00000000e+00
 2.26032941e-06]",[18.2 18.  18.  18.  18.1]
[18],[15.44206112],[18],0.6,[10],0,1.2299630368381036e-06,19.0,"[3.44247711e-14 5.60279644e-09 4.35961000e-28 0.00000000e+00
 6.14421235e-06]",[18. 18. 18. 18. 23.]
[18],[15.44206112],[19],0.6,[10],0,8.802508108328017e-10,18.17,"[2.78946809e-10 2.06115362e-09 1.29958143e-24 0.00000000e+00
 2.06115362e-09]",[18.15 18.   18.   18.   18.7 ]
[18],[15.44206112],[20],0.6,[10],0,1.1767245551281451e-09,18.11,"[5.60279644e-09 1.87952882e-12 2.61027907e-23 0.00000000e+00
 2.78946809e-10]",[18.1  18.2  18.   18.   18.25]
[18],[15.44206112],[21],0.6,[10],0,3.340772912532883e-06,18.2,"[1.67017008e-05 2.06115362e-09 3.97544974e-31 0.00000000e+00
 1.02618796e-10]",[19. 18. 18. 18. 18.]
[18],[15.44206112],[22],0.6,[10],0,6.725883133120804e-05,18.36,"[8.31528719e-07 3.44247711e-14 1.05306174e-20 0.00000000e+00
 3.35462628e-04]",[18.85 18.   18.   18.   18.95]
[18],[15.44206112],[23],0.6,[10],0,3.108526862050344e-10,18.0,"[7.58256043e-10 3.77513454e-11 3.97544974e-31 0.00000000e+00
 7.58256043e-10]",[18. 18. 18. 18. 18.]
[18],[15.44206112],[24],0.6,[10],0,2.2969079368780107e-09,18.009999999999998,"[2.78946809e-10 5.60279644e-09 2.86251858e-20 0.00000000e+00
 5.60279644e-09]",[18.   18.   18.   18.   18.05]
[18],[15.44206112],[25],0.6,[10],0,1.1486333158594156e-09,18.0,"[3.77513454e-11 1.02618796e-10 4.78089288e-25 0.00000000e+00
 5.60279644e-09]",[18. 18. 18. 18. 18.]
[18],[15.44206112],[26],0.6,[10],0,2.368338359321667e-08,18.07,"[2.78946809e-10 1.12535175e-07 7.09547416e-23 0.00000000e+00
 5.60279644e-09]",[18.   18.   18.   18.   18.35]
[18],[15.44206112],[27],0.6,[10],0,6.118329256245109e-08,18.0,"[1.38879439e-11 2.54366565e-13 9.60268005e-24 0.00000000e+00
 3.05902321e-07]",[18. 18. 18. 18. 18.]
[18],[15.44206112],[28],0.6,[10],0,1.6022329545269404e-10,18.0,"[5.10908903e-12 7.58256043e-10 1.42516408e-21 0.00000000e+00
 3.77513454e-11]",[18. 18. 18. 18. 18.]
[18],[15.44206112],[29],0.6,[10],0,3.465776942520902e-09,18.0,"[3.77513454e-11 1.52299797e-08 1.05306174e-20 0.00000000e+00
 2.06115362e-09]",[18. 18. 18. 18. 18.]
[18],[15.44206112],[30],0.6,[10],0,4.201568993395776e-10,18.11,"[2.06115362e-09 3.77513454e-11 6.47023493e-26 0.00000000e+00
 1.87952882e-12]",[18.   18.   18.   18.   18.55]
[19],[15.44206112],[10],0.6,[10],0,3.1199141105909865e-08,19.02,"[1.12535175e-07 2.06115362e-09 2.17052201e-29 0.00000000e+00
 4.13993772e-08]",[19.  19.1 19.  19.  19. ]
[19],[15.44206112],[11],0.6,[10],0,1.229275225149393e-06,19.0,"[6.14421235e-06 1.02618796e-10 7.98490425e-30 0.00000000e+00
 2.06115362e-09]",[19. 19. 19. 19. 19.]
[19],[15.44206112],[12],0.6,[10],0,1.6757795431677927e-07,19.0,"[8.31528719e-07 7.58256043e-10 2.38026641e-26 0.00000000e+00
 5.60279644e-09]",[19. 19. 19. 19. 19.]
[19],[15.44206112],[13],0.6,[10],0,6.1477812597424295e-09,19.089999999999996,"[1.52299797e-08 2.78946809e-10 5.38018616e-32 0.00000000e+00
 1.52299797e-08]",[19.05 19.05 19.   19.   19.35]
[19],[15.44206112],[14],0.6,[10],0,1.5167085558140485e-10,19.0,"[4.65888615e-15 9.35762297e-14 1.60381089e-28 0.00000000e+00
 7.58256043e-10]",[19. 19. 19. 19. 19.]
[19],[15.44206112],[15],0.6,[10],0,2.251472350094252e-08,19.25,"[3.77513454e-11 6.91440011e-13 8.98582594e-37 0.00000000e+00
 1.12535175e-07]",[19.05 19.   19.   19.   20.2 ]
[19],[15.44206112],[16],0.6,[10],0,2.1683865071155247e-11,19.0,"[5.10908903e-12 1.02618796e-10 1.97925988e-32 0.00000000e+00
 6.91440011e-13]",[19. 19. 19. 19. 19.]
[19],[15.44206112],[17],0.6,[10],0,4.197878785304867e-10,19.07,"[3.44247711e-14 2.06115362e-09 2.17052201e-29 0.00000000e+00
 3.77513454e-11]",[19.1  19.05 19.   19.   19.2 ]
[19],[15.44206112],[18],0.6,[10],0,2.1596450381963984e-11,19.05,"[1.02618796e-10 5.10908903e-12 1.08063928e-30 0.00000000e+00
 2.54366565e-13]",[19.   19.25 19.   19.   19.  ]
[19],[15.44206112],[19],0.6,[10],0,6.120136376539187e-08,19.240000000000002,"[1.02618796e-10 1.87952882e-12 1.08063928e-30 0.00000000e+00
 3.05902321e-07]",[19.95 19.   19.   19.   19.25]
[19],[15.44206112],[20],0.6,[10],0,5.650670783941591e-13,19.0,"[2.54366565e-13 6.91440011e-13 1.10893902e-40 0.00000000e+00
 1.87952882e-12]",[19. 19. 19. 19. 19.]
[19],[15.44206112],[21],0.6,[10],0,3.760489317382711e-13,19.0,"[6.30511676e-16 8.53304763e-17 1.80485139e-35 0.00000000e+00
 1.87952882e-12]",[19. 19. 19. 19. 19.]
[19],[15.44206112],[22],0.6,[10],0,4.132525446029691e-10,19.009999999999998,"[5.10908903e-12 1.15482242e-17 2.22736356e-39 0.00000000e+00
 2.06115362e-09]",[19.05 19.   19.   19.   19.  ]
[19],[15.44206112],[23],0.6,[10],0,2.0574632691341763e-11,19.0,"[2.54366565e-13 5.74952226e-19 1.46248623e-31 0.00000000e+00
 1.02618796e-10]",[19. 19. 19. 19. 19.]
[19],[15.44206112],[24],0.6,[10],0,5.616528468678156e-11,19.06,"[1.87952882e-12 8.53304763e-17 2.93748211e-30 0.00000000e+00
 2.78946809e-10]",[19.   19.05 19.   19.   19.25]
[19],[15.44206112],[25],0.6,[10],0,7.527433038446539e-13,19.0,"[1.87952882e-12 1.87952882e-12 7.28129018e-33 0.00000000e+00
 4.65888615e-15]",[19. 19. 19. 19. 19.]
[19],[15.44206112],[26],0.6,[10],0,6.971466122042175e-14,19.0,"[6.30511676e-16 9.35762297e-14 6.05460190e-39 0.00000000e+00
 2.54366565e-13]",[19. 19. 19. 19. 19.]
[19],[15.44206112],[27],0.6,[10],0,6.339050425888422e-11,19.41,"[2.78946809e-10 2.54366565e-13 8.19401262e-40 0.00000000e+00
 3.77513454e-11]",[19.   19.   19.   19.   21.05]
[19],[15.44206112],[28],0.6,[10],0,1.5920160374913153e-10,19.0,"[6.30511676e-16 3.77513454e-11 1.97925988e-32 0.00000000e+00
 7.58256043e-10]",[19. 19. 19. 19. 19.]
[19],[15.44206112],[29],0.6,[10],0,3.8097142952745434e-13,19.169999999999998,"[1.26641655e-14 1.26641655e-14 1.60381089e-28 0.00000000e+00
 1.87952882e-12]",[19.8  19.05 19.   19.   19.  ]
[19],[15.44206112],[30],0.6,[10],0,8.279875437618361e-09,19.05,"[2.86251858e-20 2.11513104e-19 6.63967720e-36 0.00000000e+00
 4.13993772e-08]",[19.   19.   19.   19.   19.25]
[20],[15.44206112],[10],0.6,[10],0,3.4582335583844547e-09,20.0,"[1.52299797e-08 3.44247711e-14 1.36853947e-44 0.00000000e+00
 2.06115362e-09]",[20. 20. 20. 20. 20.]
[20],[15.44206112],[11],0.6,[10],0,1.120617045774618e-09,20.0,"[5.60279644e-09 3.44247711e-14 3.97544974e-31 0.00000000e+00
 2.54366565e-13]",[20. 20. 20. 20. 20.]
[20],[15.44206112],[12],0.6,[10],0,8.279933195837499e-09,20.240000000000002,"[3.44247711e-14 2.54366565e-13 2.28569368e-49 0.00000000e+00
 4.13993772e-08]",[20.  20.  20.  20.  21.2]
[20],[15.44206112],[13],0.6,[10],0,4.531864406860279e-07,20.0,"[5.60279644e-09 1.15482242e-17 4.07955867e-41 0.00000000e+00
 2.26032941e-06]",[20. 20. 20. 20. 20.]
[20],[15.44206112],[14],0.6,[10],0,7.817581116811691e-15,20.0,"[3.44247711e-14 4.24835426e-18 4.59093847e-48 0.00000000e+00
 4.65888615e-15]",[20. 20. 20. 20. 20.]
[20],[15.44206112],[15],0.6,[10],0,5.592858163674631e-11,20.02,"[6.91440011e-13 4.65888615e-15 8.19401262e-40 0.00000000e+00
 2.78946809e-10]",[20.  20.1 20.  20.  20. ]
[20],[15.44206112],[16],0.6,[10],0,5.616619939791533e-11,20.05,"[4.65888615e-15 1.87952882e-12 2.28569368e-49 0.00000000e+00
 2.78946809e-10]",[20.   20.   20.   20.   20.25]
[20],[15.44206112],[17],0.6,[10],0,1.8635565641648307e-15,20.0,"[1.05306174e-20 4.65888615e-15 5.03457536e-45 0.00000000e+00
 4.65888615e-15]",[20. 20. 20. 20. 20.]
[20],[15.44206112],[18],0.6,[10],0,1.9104418080593623e-14,20.0,"[1.71390843e-15 2.31952283e-16 1.68891188e-48 0.00000000e+00
 9.35762297e-14]",[20. 20. 20. 20. 20.]
[20],[15.44206112],[19],0.6,[10],0,7.551200865801408e-12,20.07,"[7.09547416e-23 4.65888615e-15 5.03457536e-45 0.00000000e+00
 3.77513454e-11]",[20.   20.   20.   20.   20.35]
[20],[15.44206112],[20],0.6,[10],0,2.532850778206789e-15,20.2,"[7.78113224e-20 1.05306174e-20 1.03770332e-53 0.00000000e+00
 1.26641655e-14]",[21. 20. 20. 20. 20.]
[20],[15.44206112],[21],0.6,[10],0,1.3238632582419693e-16,20.05,"[6.30511676e-16 2.86251858e-20 5.52108228e-42 0.00000000e+00
 3.13913279e-17]",[20.   20.   20.   20.   20.25]
[20],[15.44206112],[22],0.6,[10],0,1.2695204462899507e-16,20.0,"[4.24835426e-18 1.92874985e-22 8.62880116e-60 0.00000000e+00
 6.30511676e-16]",[20. 20. 20. 20. 20.]
[20],[15.44206112],[23],0.6,[10],0,3.7592284496533264e-13,20.009999999999998,"[7.78113224e-20 8.53304763e-17 4.18639400e-51 0.00000000e+00
 1.87952882e-12]",[20.   20.   20.   20.   20.05]
[20],[15.44206112],[24],0.6,[10],0,2.7775887751131183e-12,20.009999999999998,"[7.09547416e-23 1.05306174e-20 3.81749719e-54 0.00000000e+00
 1.38879439e-11]",[20.   20.05 20.   20.   20.  ]
[20],[15.44206112],[25],0.6,[10],0,1.87215665058852e-14,20.0,"[3.13913279e-17 2.11513104e-19 2.50656748e-46 0.00000000e+00
 9.35762297e-14]",[20. 20. 20. 20. 20.]
[20],[15.44206112],[26],0.6,[10],0,1.2841198195807895e-16,20.0,"[9.60268005e-24 1.15482242e-17 5.03457536e-45 0.00000000e+00
 6.30511676e-16]",[20. 20. 20. 20. 20.]
[20],[15.44206112],[27],0.6,[10],0,1.9058029730112223e-14,20.02,"[1.05306174e-20 9.35762297e-14 2.08428284e-52 0.00000000e+00
 1.71390843e-15]",[20.1 20.  20.  20.  20. ]
[20],[15.44206112],[28],0.6,[10],0,1.8928741742154546e-13,20.009999999999998,"[6.30511676e-16 2.54366565e-13 1.68891188e-48 0.00000000e+00
 6.91440011e-13]",[20.   20.   20.   20.   20.05]
[20],[15.44206112],[29],0.6,[10],0,8.919753923461502e-19,20.009999999999998,"[4.24835426e-18 9.60268005e-24 5.66566818e-52 0.00000000e+00
 2.11513104e-19]",[20.   20.05 20.   20.   20.  ]
[20],[15.44206112],[30],0.6,[10],0,1.964702889173819e-14,20.06,"[2.86251858e-20 4.65888615e-15 3.48110684e-57 0.00000000e+00
 9.35762297e-14]",[20.  20.  20.  20.  20.3]
[21],[15.44206112],[10],0.6,[10],0,1.0405330938529662e-12,21.0,"[5.10908903e-12 2.11513104e-19 5.30171867e-65 0.00000000e+00
 9.35762297e-14]",[21. 21. 21. 21. 21.]
[21],[15.44206112],[11],0.6,[10],0,7.569916111724897e-12,21.009999999999998,"[9.35762297e-14 4.65888615e-15 1.68891188e-48 0.00000000e+00
 3.77513454e-11]",[21.   21.05 21.   21.   21.  ]
[21],[15.44206112],[12],0.6,[10],0,1.5202711443653642e-10,21.03,"[7.58256043e-10 5.74952226e-19 2.82077009e-53 0.00000000e+00
 1.87952882e-12]",[21.   21.   21.   21.   21.15]
[21],[15.44206112],[13],0.6,[10],0,2.7777612657846122e-12,21.009999999999998,"[6.30511676e-16 2.31952283e-16 1.16778125e-60 0.00000000e+00
 1.38879439e-11]",[21.05 21.   21.   21.   21.  ]
[21],[15.44206112],[14],0.6,[10],0,5.68111797779816e-11,21.19,"[2.78946809e-10 5.74952226e-19 1.31416467e-67 0.00000000e+00
 5.10908903e-12]",[21.85 21.05 21.   21.   21.05]
[21],[15.44206112],[15],0.6,[10],0,2.7780576570143153e-12,21.0,"[1.38879439e-11 6.30511676e-16 1.16778125e-60 0.00000000e+00
 1.71390843e-15]",[21. 21. 21. 21. 21.]
[21],[15.44206112],[16],0.6,[10],0,6.376912829422652e-17,21.130000000000003,"[8.53304763e-17 1.56288219e-18 9.71043646e-67 0.00000000e+00
 2.31952283e-16]",[21.4  21.25 21.   21.   21.  ]
[21],[15.44206112],[17],0.6,[10],0,3.8917214483381e-16,21.05,"[9.60268005e-24 2.31952283e-16 1.77852848e-68 0.00000000e+00
 1.71390843e-15]",[21.   21.   21.   21.   21.25]
[21],[15.44206112],[18],0.6,[10],0,1.4316846902942488e-16,21.259999999999998,"[6.30511676e-16 1.92874985e-22 1.82510451e-78 0.00000000e+00
 8.53304763e-17]",[21.  21.  21.  21.  22.3]
[21],[15.44206112],[19],0.6,[10],0,7.127950626102702e-18,21.009999999999998,"[7.09547416e-23 4.24835426e-18 2.13886596e-62 0.00000000e+00
 3.13913279e-17]",[21.05 21.   21.   21.   21.  ]
[21],[15.44206112],[20],0.6,[10],0,1.1622472895695836e-18,21.009999999999998,"[4.24835426e-18 3.22134029e-27 1.31416467e-67 0.00000000e+00
 1.56288219e-18]",[21.05 21.   21.   21.   21.  ]
[21],[15.44206112],[21],0.6,[10],0,2.309929872180238e-18,21.09,"[1.42516408e-21 2.38026641e-26 2.89464031e-63 0.00000000e+00
 1.15482242e-17]",[21.   21.   21.   21.   21.45]
[21],[15.44206112],[22],0.6,[10],0,1.4227875470770434e-23,21.0,"[1.75879220e-25 8.75651076e-27 1.62180804e-71 0.00000000e+00
 7.09547416e-23]",[21. 21. 21. 21. 21.]
[21],[15.44206112],[23],0.6,[10],0,2.5328338847139786e-15,21.0,"[3.87399763e-21 4.78089288e-25 1.06487866e-63 0.00000000e+00
 1.26641655e-14]",[21. 21. 21. 21. 21.]
[21],[15.44206112],[24],0.6,[10],0,6.278265632212373e-18,21.0,"[1.75879220e-25 6.47023493e-26 7.36299712e-76 0.00000000e+00
 3.13913279e-17]",[21. 21. 21. 21. 21.]
[21],[15.44206112],[25],0.6,[10],0,1.7915766104297753e-17,21.0,"[4.24835426e-18 8.75651076e-27 9.96473301e-77 0.00000000e+00
 8.53304763e-17]",[21. 21. 21. 21. 21.]
[21],[15.44206112],[26],0.6,[10],0,3.5487931853510435e-19,21.009999999999998,"[1.56288219e-18 1.29958143e-24 2.63957030e-66 0.00000000e+00
 2.11513104e-19]",[21.   21.   21.   21.   21.05]
[21],[15.44206112],[27],0.6,[10],0,6.884954255519711e-15,21.02,"[1.92874985e-22 2.38026641e-26 2.40697655e-69 0.00000000e+00
 3.44247711e-14]",[21.  21.  21.  21.  21.1]
[21],[15.44206112],[28],0.6,[10],0,4.639045852543948e-17,21.0,"[9.60268005e-24 1.60381089e-28 1.16778125e-60 0.00000000e+00
 2.31952283e-16]",[21. 21. 21. 21. 21.]
[21],[15.44206112],[29],0.6,[10],0,1.1527557372027706e-19,21.009999999999998,"[5.74952226e-19 1.42516408e-21 1.44115655e-64 0.00000000e+00
 4.78089288e-25]",[21.   21.   21.   21.   21.05]
[21],[15.44206112],[30],0.6,[10],0,2.1203144316355126e-21,21.009999999999998,"[7.09547416e-23 5.90009054e-29 2.63957030e-66 0.00000000e+00
 1.05306174e-20]",[21.05 21.   21.   21.   21.  ]
[22],[15.44206112],[10],0.6,[10],0,6.931344687735773e-15,22.0,"[2.31952283e-16 7.09547416e-23 2.19487851e-72 0.00000000e+00
 3.44247711e-14]",[22. 22. 22. 22. 22.]
[22],[15.44206112],[11],0.6,[10],0,1.0218178078236462e-12,22.0,"[1.05306174e-20 5.24288566e-22 5.96629836e-72 0.00000000e+00
 5.10908903e-12]",[22. 22. 22. 22. 22.]
[22],[15.44206112],[12],0.6,[10],0,1.814332147402507e-18,22.0,"[4.24835426e-18 5.74952226e-19 6.71418429e-79 0.00000000e+00
 4.24835426e-18]",[22. 22. 22. 22. 22.]
[22],[15.44206112],[13],0.6,[10],0,3.7843861197989995e-13,22.080000000000002,"[1.87952882e-12 7.78113224e-20 1.51762682e-84 0.00000000e+00
 1.26641655e-14]",[22.  22.  22.  22.  22.4]
[22],[15.44206112],[14],0.6,[10],0,9.48843429129881e-16,22.23,"[4.65888615e-15 5.24288566e-22 3.34279552e-80 0.00000000e+00
 8.53304763e-17]",[22.   22.   22.   22.   23.15]
[22],[15.44206112],[15],0.6,[10],0,2.351947455366779e-18,22.03,"[2.11513104e-19 5.90009054e-29 2.47001036e-79 0.00000000e+00
 1.15482242e-17]",[22.15 22.   22.   22.   22.  ]
[22],[15.44206112],[16],0.6,[10],0,3.3386373951036414e-19,22.0,"[2.86251858e-20 7.78113224e-20 1.51762682e-84 0.00000000e+00
 1.56288219e-18]",[22. 22. 22. 22. 22.]
[22],[15.44206112],[17],0.6,[10],0,1.7066380289065214e-17,22.009999999999998,"[1.42516408e-021 2.38026641e-026 1.18088550e-103 0.00000000e+000
 8.53304763e-017]",[22.   22.   22.   22.   22.05]
[22],[15.44206112],[18],0.6,[10],0,7.767200633453198e-22,22.02,"[3.87399763e-21 7.98490425e-30 2.31134257e-92 0.00000000e+00
 9.60268005e-24]",[22.  22.  22.  22.  22.1]
[22],[15.44206112],[19],0.6,[10],0,1.556252463556557e-20,22.169999999999998,"[7.78113224e-20 1.18506486e-27 1.66427989e-81 0.00000000e+00
 1.29958143e-24]",[22.   22.   22.   22.   22.85]
[22],[15.44206112],[20],0.6,[10],0,1.5562264573800837e-20,22.0,"[4.35961000e-28 2.17052201e-29 7.75369053e-96 0.00000000e+00
 7.78113224e-20]",[22. 22. 22. 22. 22.]
[22],[15.44206112],[21],0.6,[10],0,4.230262083901381e-20,22.02,"[4.35961000e-028 2.44260074e-036 9.56881429e-100 0.00000000e+000
 2.11513104e-019]",[22.  22.  22.  22.  22.1]
[22],[15.44206112],[22],0.6,[10],0,3.541445400218217e-26,22.0,"[1.18506486e-27 7.98490425e-30 7.75369053e-96 0.00000000e+00
 1.75879220e-25]",[22. 22. 22. 22. 22.]
[22],[15.44206112],[23],0.6,[10],0,2.1061234833401935e-21,22.0,"[1.46248623e-031 5.90009054e-029 4.76403211e-101 0.00000000e+000
 1.05306174e-020]",[22. 22. 22. 22. 22.]
[22],[15.44206112],[24],0.6,[10],0,1.0485947636960289e-22,22.03,"[8.75651076e-27 5.90009054e-29 2.10767161e-95 0.00000000e+00
 5.24288566e-22]",[22.   22.   22.   22.   22.15]
[22],[15.44206112],[25],0.6,[10],0,5.7250373983278875e-21,22.0,"[1.18506486e-027 1.08063928e-030 9.56881429e-100 0.00000000e+000
 2.86251858e-020]",[22. 22. 22. 22. 22.]
[22],[15.44206112],[26],0.6,[10],0,2.646768178224991e-25,22.009999999999998,"[2.38026641e-026 1.80485139e-035 1.29499819e-100 0.00000000e+000
 1.29958143e-024]",[22.   22.   22.   22.   22.05]
[22],[15.44206112],[27],0.6,[10],0,2.3701305516180403e-28,22.0,"[3.62514092e-34 4.90609473e-35 2.31134257e-92 0.00000000e+00
 1.18506486e-27]",[22. 22. 22. 22. 22.]
[22],[15.44206112],[28],0.6,[10],0,3.861017280332684e-23,22.0,"[1.75879220e-025 3.01440879e-040 3.52017005e-100 0.00000000e+000
 1.92874985e-022]",[22. 22. 22. 22. 22.]
[22],[15.44206112],[29],0.6,[10],0,1.9205360109382197e-24,22.009999999999998,"[4.90609473e-035 1.33361482e-034 1.29499819e-100 0.00000000e+000
 9.60268005e-024]",[22.   22.05 22.   22.   22.  ]
[22],[15.44206112],[30],0.6,[10],0,3.125764378714183e-19,22.05,"[2.17052201e-29 3.97544974e-31 7.07045056e-99 0.00000000e+00
 1.56288219e-18]",[22.   22.   22.   22.   22.25]
[23],[15.44206112],[10],0.6,[10],0,6.278279810220227e-18,23.0,"[3.13913279e-17 1.75879220e-25 1.55737037e-94 0.00000000e+00
 7.09547416e-23]",[23. 23. 23. 23. 23.]
[23],[15.44206112],[11],0.6,[10],0,3.5487905862041635e-19,23.009999999999998,"[1.56288219e-018 7.98490425e-030 3.61235614e-110 0.00000000e+000
 2.11513104e-019]",[23.   23.05 23.   23.   23.  ]
[23],[15.44206112],[12],0.6,[10],0,1.162247288925317e-18,23.0,"[1.56288219e-018 7.28129018e-033 7.25561126e-109 0.00000000e+000
 4.24835426e-018]",[23. 23. 23. 23. 23.]
[23],[15.44206112],[13],0.6,[10],0,1.261023359094655e-16,23.009999999999998,"[3.53262857e-024 2.67863696e-033 2.92712250e-106 0.00000000e+000
 6.30511676e-016]",[23.05 23.   23.   23.   23.  ]
[23],[15.44206112],[14],0.6,[10],0,2.120314419835332e-21,23.0,"[7.09547416e-023 6.05460190e-039 2.02392961e-118 0.00000000e+000
 1.05306174e-020]",[23. 23. 23. 23. 23.]
[23],[15.44206112],[15],0.6,[10],0,1.7066095958045922e-17,23.02,"[3.53262857e-024 1.60381089e-028 1.64000715e-114 0.00000000e+000
 8.53304763e-017]",[23.1 23.  23.  23.  23. ]
[23],[15.44206112],[16],0.6,[10],0,5.2207951523349286e-24,23.009999999999998,"[1.18506486e-027 1.33361482e-034 6.19124764e-125 0.00000000e+000
 2.61027907e-023]",[23.   23.   23.   23.   23.05]
[23],[15.44206112],[17],0.6,[10],0,2.850375770815402e-22,23.0,"[2.38026641e-026 2.67863696e-033 1.39942591e-130 0.00000000e+000
 1.42516408e-021]",[23. 23. 23. 23. 23.]
[23],[15.44206112],[18],0.6,[10],0,1.294047004970195e-26,23.0,"[9.85415469e-034 6.63967720e-036 1.03404366e-129 0.00000000e+000
 6.47023493e-026]",[23. 23. 23. 23. 23.]
[23],[15.44206112],[19],0.6,[10],0,1.0485771486432263e-22,23.02,"[7.98490425e-030 3.62514092e-034 3.08244070e-126 0.00000000e+000
 5.24288566e-022]",[23.  23.1 23.  23.  23. ]
[23],[15.44206112],[20],0.6,[10],0,1.1499044529767137e-19,23.009999999999998,"[5.90009054e-029 2.50656748e-046 1.53465686e-127 0.00000000e+000
 5.74952226e-019]",[23.   23.   23.   23.   23.05]
[23],[15.44206112],[21],0.6,[10],0,4.760533353116194e-27,23.14,"[2.67863696e-033 7.47197234e-043 2.33727929e-135 0.00000000e+000
 2.38026641e-026]",[23.15 23.   23.   23.   23.55]
[23],[15.44206112],[22],0.6,[10],0,6.442680838708006e-28,23.02,"[1.33361482e-034 5.52108228e-042 1.99441155e-151 0.00000000e+000
 3.22134029e-027]",[23.1 23.  23.  23.  23. ]
[23],[15.44206112],[23],0.6,[10],0,4.760532817388801e-27,23.0,"[1.01122149e-043 3.72007598e-044 2.39848787e-145 0.00000000e+000
 2.38026641e-026]",[23. 23. 23. 23. 23.]
[23],[15.44206112],[24],0.6,[10],0,3.959847691334096e-33,23.0,"[1.97925988e-032 1.85211677e-045 1.39942591e-130 0.00000000e+000
 6.63967720e-036]",[23. 23. 23. 23. 23.]
[23],[15.44206112],[25],0.6,[10],0,4.34104408872945e-30,23.02,"[3.30570063e-037 4.07955867e-041 7.84069851e-139 0.00000000e+000
 2.17052201e-029]",[23.1 23.  23.  23.  23. ]
[23],[15.44206112],[26],0.6,[10],0,1.294046985129092e-26,23.0,"[1.36853947e-044 1.01122149e-043 7.84069851e-139 0.00000000e+000
 6.47023493e-026]",[23. 23. 23. 23. 23.]
[23],[15.44206112],[27],0.6,[10],0,2.9125160713286573e-33,23.0,"[7.28129018e-033 5.66566818e-052 9.42925762e-133 0.00000000e+000
 7.28129018e-033]",[23. 23. 23. 23. 23.]
[23],[15.44206112],[28],0.6,[10],0,2.0689528318365997e-34,23.02,"[4.90609473e-035 6.81355682e-046 8.37894253e-126 0.00000000e+000
 9.85415469e-034]",[23.  23.  23.  23.  23.1]
[23],[15.44206112],[29],0.6,[10],0,1.6533411323881255e-33,23.009999999999998,"[7.28129018e-033 1.50078576e-041 8.82354377e-146 0.00000000e+000
 9.85415469e-034]",[23.   23.05 23.   23.   23.  ]
[23],[15.44206112],[30],0.6,[10],0,4.341044022607705e-30,23.0,"[1.01122149e-043 2.03109266e-042 1.30953001e-143 0.00000000e+000
 2.17052201e-029]",[23. 23. 23. 23. 23.]
[24],[15.44206112],[10],0.6,[10],0,2.309749692316504e-18,24.05,"[1.15482242e-017 3.97544974e-031 2.69914251e-152 0.00000000e+000
 5.24288566e-022]",[24.   24.   24.   24.   24.25]
[24],[15.44206112],[11],0.6,[10],0,3.857508415147836e-23,24.0,"[1.92874985e-022 1.64581143e-038 3.65289217e-153 0.00000000e+000
 4.35961000e-028]",[24. 24. 24. 24. 24.]
[24],[15.44206112],[12],0.6,[10],0,3.8670614816956067e-23,24.02,"[4.78089288e-025 2.03109266e-042 1.08891181e-149 0.00000000e+000
 1.92874985e-022]",[24.1 24.  24.  24.  24. ]
[24],[15.44206112],[13],0.6,[10],0,1.3079370179869843e-25,24.0,"[4.78089288e-025 3.62514092e-034 3.84672096e-173 0.00000000e+000
 1.75879220e-025]",[24. 24. 24. 24. 24.]
[24],[15.44206112],[14],0.6,[10],0,1.2610233520293978e-16,24.0,"[1.97925988e-032 6.81355682e-046 2.91679942e-182 0.00000000e+000
 6.30511676e-016]",[24. 24. 24. 24. 24.]
[24],[15.44206112],[15],0.6,[10],0,2.10621908936844e-21,24.009999999999998,"[4.78089288e-025 6.81355682e-046 3.41823876e-166 0.00000000e+000
 1.05306174e-020]",[24.05 24.   24.   24.   24.  ]
[24],[15.44206112],[16],0.6,[10],0,3.857499855625921e-23,24.03,"[7.98490425e-030 4.07955867e-041 1.01896261e-162 0.00000000e+000
 1.92874985e-022]",[24.05 24.   24.   24.   24.1 ]
[24],[15.44206112],[17],0.6,[10],0,5.8769350543590305e-31,24.0,"[9.85415469e-034 1.01122149e-043 9.53506796e-176 0.00000000e+000
 2.93748211e-030]",[24. 24. 24. 24. 24.]
[24],[15.44206112],[18],0.6,[10],0,8.719222667355793e-29,24.0,"[1.33361482e-034 1.36853947e-044 1.83907609e-197 0.00000000e+000
 4.35961000e-028]",[24. 24. 24. 24. 24.]
[24],[15.44206112],[19],0.6,[10],0,1.456258481137041e-33,24.0,"[7.28129018e-033 3.81749719e-054 1.49021879e-193 0.00000000e+000
 2.22736356e-039]",[24. 24. 24. 24. 24.]
[24],[15.44206112],[20],0.6,[10],0,2.924973349258323e-32,24.0,"[4.47377931e-038 1.24794646e-047 7.61366047e-205 0.00000000e+000
 1.46248623e-031]",[24. 24. 24. 24. 24.]
[24],[15.44206112],[21],0.6,[10],0,1.0760372320042277e-32,24.0,"[1.68891188e-048 3.48110684e-057 1.27161079e-209 0.00000000e+000
 5.38018616e-032]",[24. 24. 24. 24. 24.]
[24],[15.44206112],[22],0.6,[10],0,1.0760860840189824e-32,24.06,"[2.44260074e-036 7.66764807e-053 9.39600347e-209 0.00000000e+000
 5.38018616e-032]",[24.   24.05 24.   24.   24.25]
[24],[15.44206112],[23],0.6,[10],0,2.6673507230424303e-35,24.0,"[1.33361482e-034 1.28062764e-057 4.55861386e-200 0.00000000e+000
 6.05460190e-039]",[24. 24. 24. 24. 24.]
[24],[15.44206112],[24],0.6,[10],0,3.6097027760612536e-36,24.0,"[1.85211677e-045 2.82077009e-053 1.67702032e-200 0.00000000e+000
 1.80485139e-035]",[24. 24. 24. 24. 24.]
[24],[15.44206112],[25],0.6,[10],0,3.9585197558938104e-33,24.09,"[4.59093847e-048 6.54284062e-069 2.99318445e-192 0.00000000e+000
 1.97925988e-032]",[24.   24.   24.   24.   24.45]
[24],[15.44206112],[26],0.6,[10],0,2.667229631006367e-35,24.0,"[9.22114642e-047 1.44115655e-064 5.48220856e-194 0.00000000e+000
 1.33361482e-034]",[24. 24. 24. 24. 24.]
[24],[15.44206112],[27],0.6,[10],0,4.4547271327733645e-40,24.02,"[4.59093847e-048 4.29602713e-061 1.10113102e-192 0.00000000e+000
 2.22736356e-039]",[24.1 24.  24.  24.  24. ]
[24],[15.44206112],[28],0.6,[10],0,3.291622862164547e-39,24.0,"[5.16642063e-055 7.86844816e-063 5.13004407e-207 0.00000000e+000
 1.64581143e-038]",[24. 24. 24. 24. 24.]
[24],[15.44206112],[29],0.6,[10],0,4.885201475482298e-37,24.009999999999998,"[6.21315959e-049 3.48110684e-057 1.96532399e-184 0.00000000e+000
 2.44260074e-036]",[24.05 24.   24.   24.   24.  ]
[24],[15.44206112],[30],0.6,[10],0,4.885201475665478e-37,24.0,"[9.22114642e-047 1.77852848e-068 6.94275967e-208 0.00000000e+000
 2.44260074e-036]",[24. 24. 24. 24. 24.]
[25],[15.44206112],[10],0.6,[10],0,3.2420517284805777e-28,20.0,"[4.35961000e-028 1.03770332e-053 9.39600347e-209 0.00000000e+000
 1.18506486e-027]",[25. 25. 25.  0. 25.]
[25],[15.44206112],[11],0.6,[10],0,3.2420517284805777e-28,20.0,"[1.18506486e-027 7.66764807e-053 2.80090916e-205 0.00000000e+000
 4.35961000e-028]",[25. 25. 25.  0. 25.]
[25],[15.44206112],[12],0.6,[10],0,2.370129733353163e-28,20.0,"[1.18506486e-027 1.44115655e-064 8.79242579e-222 0.00000000e+000
 2.44260074e-036]",[25. 25. 25.  0. 25.]
[25],[15.44206112],[13],0.6,[10],0,4.762129798237939e-27,20.0,"[7.98490425e-030 4.59093847e-048 1.46848465e-226 0.00000000e+000
 2.38026641e-026]",[25. 25. 25.  0. 25.]
[25],[15.44206112],[14],0.6,[10],0,2.9276396841334665e-32,20.0,"[1.33361482e-034 2.57220937e-056 5.18761082e-250 0.00000000e+000
 1.46248623e-031]",[25. 25. 25.  0. 25.]
[25],[15.44206112],[15],0.6,[10],0,2.6675587932907394e-35,20.0,"[1.64581143e-038 3.81749719e-054 8.01765451e-225 0.00000000e+000
 1.33361482e-034]",[25. 25. 25.  0. 25.]
[25],[15.44206112],[16],0.6,[10],0,1.456258481137041e-33,20.009999999999998,"[2.22736356e-039 8.62880116e-060 1.17257093e-255 0.00000000e+000
 7.28129018e-033]",[25.   25.05 25.    0.   25.  ]
[25],[15.44206112],[17],0.6,[10],0,1.456258035684553e-33,20.0,"[1.01122149e-043 2.08428284e-052 4.42661302e-266 0.00000000e+000
 7.28129018e-033]",[25. 25. 25.  0. 25.]
[25],[15.44206112],[18],0.6,[10],0,1.1042165796709737e-42,20.0,"[6.21315959e-049 1.03770332e-053 5.60593601e-280 0.00000000e+000
 5.52108228e-042]",[25. 25. 25.  0. 25.]
[25],[15.44206112],[19],0.6,[10],0,2.6672296310045244e-35,20.03,"[8.40859712e-050 6.99199000e-056 5.11195195e-283 0.00000000e+000
 1.33361482e-034]",[25.15 25.   25.    0.   25.  ]
[25],[15.44206112],[20],0.6,[10],0,1.456258035664347e-33,20.0,"[9.22114642e-047 4.71116580e-058 1.48496324e-269 0.00000000e+000
 7.28129018e-033]",[25. 25. 25.  0. 25.]
[25],[15.44206112],[21],0.6,[10],0,2.370129728467962e-28,20.0,"[1.36853947e-044 1.47889751e-074 1.15546953e-288 0.00000000e+000
 1.18506486e-027]",[25. 25. 25.  0. 25.]
[25],[15.44206112],[22],0.6,[10],0,1.6388025247981104e-40,20.0,"[3.81749719e-054 7.36299712e-076 6.47386058e-297 0.00000000e+000
 8.19401262e-040]",[25. 25. 25.  0. 25.]
[25],[15.44206112],[23],0.6,[10],0,4.062185325490376e-43,20.0,"[1.03770332e-053 2.97044505e-073 4.03654858e-269 0.00000000e+000
 2.03109266e-042]",[25. 25. 25.  0. 25.]
[25],[15.44206112],[24],0.6,[10],0,2.217878038624273e-41,20.04,"[1.58042006e-061 1.51762682e-084 2.11631627e-290 0.00000000e+000
 1.10893902e-040]",[25.  25.  25.   0.  25.2]
[25],[15.44206112],[25],0.6,[10],0,1.0069150717529965e-45,20.009999999999998,"[5.96629836e-072 5.58303706e-085 2.54509101e-284 0.00000000e+000
 5.03457536e-045]",[25.   25.   25.    0.   25.05]
[25],[15.44206112],[26],0.6,[10],0,1.7971651888098762e-37,20.0,"[6.54284062e-069 1.51762682e-084 3.22314539e-298 0.00000000e+000
 8.98582594e-037]",[25. 25. 25.  0. 25.]
[25],[15.44206112],[27],0.6,[10],0,1.133133635271788e-52,20.0,"[1.31416467e-067 7.55581902e-086 1.48496324e-269 0.00000000e+000
 5.66566818e-052]",[25. 25. 25.  0. 25.]
[25],[15.44206112],[28],0.6,[10],0,1.8442292845851752e-47,20.0,"[1.31416467e-067 2.47001036e-079 5.75274406e-290 0.00000000e+000
 9.22114642e-047]",[25. 25. 25.  0. 25.]
[25],[15.44206112],[29],0.6,[10],0,1.1331336352717878e-52,20.0,"[2.19487851e-072 8.28596168e-083 5.60593601e-280 0.00000000e+000
 5.66566818e-052]",[25. 25. 25.  0. 25.]
[25],[15.44206112],[30],0.6,[10],0,8.372787998608463e-52,20.0,"[1.62180804e-071 1.02256891e-086 1.46330574e-302 0.00000000e+000
 4.18639400e-051]",[25. 25. 25.  0. 25.]
[26],[15.44206112],[10],0.6,[10],0,4.341045350542719e-30,20.81,"[6.63967720e-036 5.81404049e-062 2.50797208e-317 0.00000000e+000
 2.17052201e-029]",[26.05 26.   26.    0.   26.  ]
[26],[15.44206112],[11],0.6,[10],0,3.95869947241269e-33,20.81,"[8.98582594e-037 7.17509597e-066 6.05799464e-310 0.00000000e+000
 1.97925988e-032]",[26.   26.   26.    0.   26.05]
[26],[15.44206112],[12],0.6,[10],0,3.292029080697095e-39,20.8,"[1.64581143e-38 6.99199000e-56 0.00000000e+00 0.00000000e+00
 2.03109266e-42]",[26. 26. 26.  0. 26.]
[26],[15.44206112],[13],0.6,[10],0,8.948662828817646e-39,20.830000000000002,"[5.52108228e-42 7.86844816e-63 0.00000000e+00 0.00000000e+00
 4.47377931e-38]",[26.   26.   26.    0.   26.15]
[26],[15.44206112],[14],0.6,[10],0,5.357274145403959e-34,20.81,"[1.10893902e-40 8.85477188e-70 0.00000000e+00 0.00000000e+00
 2.67863696e-33]",[26.   26.   26.    0.   26.05]
[26],[15.44206112],[15],0.6,[10],0,1.0760372320042277e-32,20.82,"[6.21315959e-49 3.66582041e-77 0.00000000e+00 0.00000000e+00
 5.38018616e-32]",[26.  26.  26.   0.  26.1]
[26],[15.44206112],[16],0.6,[10],0,1.6388025252552416e-40,20.8,"[2.28569368e-49 1.47889751e-74 0.00000000e+00 0.00000000e+00
 8.19401262e-40]",[26. 26. 26.  0. 26.]
[26],[15.44206112],[17],0.6,[10],0,1.0760372320042327e-32,20.830000000000002,"[2.50656748e-46 2.00147013e-75 0.00000000e+00 0.00000000e+00
 5.38018616e-32]",[26.   26.   26.    0.   26.15]
[26],[15.44206112],[18],0.6,[10],0,2.432198598505651e-38,20.8,"[2.57220937e-56 4.64245566e-91 0.00000000e+00 0.00000000e+00
 1.21609930e-37]",[26. 26. 26.  0. 26.]
[26],[15.44206112],[19],0.6,[10],0,7.440151952145001e-45,20.8,"[5.16642063e-55 4.12533740e-84 0.00000000e+00 0.00000000e+00
 3.72007598e-44]",[26. 26. 26.  0. 26.]
[26],[15.44206112],[20],0.6,[10],0,1.006915071856325e-45,20.8,"[5.16642063e-55 2.05388455e-85 0.00000000e+00 0.00000000e+00
 5.03457536e-45]",[26. 26. 26.  0. 26.]
[26],[15.44206112],[21],0.6,[10],0,6.02881757013075e-41,20.81,"[8.07450679e-73 5.72924543e-95 0.00000000e+00 0.00000000e+00
 3.01440879e-40]",[26.   26.   26.    0.   26.05]
[26],[15.44206112],[22],0.6,[10],0,5.641540176921706e-54,20.81,"[7.17509597e-66 1.51762682e-84 0.00000000e+00 0.00000000e+00
 2.82077009e-53]",[26.   26.   26.    0.   26.05]
[26],[15.44206112],[23],0.6,[10],0,6.78454038605203e-48,20.8,"[8.07450679e-073 8.72562919e-103 0.00000000e+000 0.00000000e+000
 3.39227019e-047]",[26. 26. 26.  0. 26.]
[26],[15.44206112],[24],0.6,[10],0,5.144418745284895e-57,20.8,"[3.25748853e-070 4.57474762e-124 0.00000000e+000 0.00000000e+000
 2.57220937e-056]",[26. 26. 26.  0. 26.]
[26],[15.44206112],[25],0.6,[10],0,2.5612552778441668e-58,20.81,"[3.04823495e-83 5.22439558e-98 0.00000000e+00 0.00000000e+00
 1.28062764e-57]",[26.05 26.   26.    0.   26.  ]
[26],[15.44206112],[26],0.6,[10],0,6.186700022617123e-51,20.8,"[7.36299712e-076 1.45732848e-107 0.00000000e+000 0.00000000e+000
 3.09335001e-050]",[26. 26. 26.  0. 26.]
[26],[15.44206112],[27],0.6,[10],0,6.96221367980862e-58,20.8,"[6.71418429e-079 1.36371304e-120 0.00000000e+000 0.00000000e+000
 3.48110684e-057]",[26. 26. 26.  0. 26.]
[26],[15.44206112],[28],0.6,[10],0,9.422331603107193e-59,20.8,"[1.34857996e-077 5.01681993e-121 0.00000000e+000 0.00000000e+000
 4.71116580e-058]",[26. 26. 26.  0. 26.]
[26],[15.44206112],[29],0.6,[10],0,2.2759597470157363e-51,20.8,"[4.12533740e-084 1.36371304e-120 0.00000000e+000 0.00000000e+000
 1.13797987e-050]",[26. 26. 26.  0. 26.]
[26],[15.44206112],[30],0.6,[10],0,2.0754066476316692e-54,20.8,"[4.96114844e-078 3.08244070e-126 0.00000000e+000 0.00000000e+000
 1.03770332e-053]",[26. 26. 26.  0. 26.]
[27],[15.44206112],[10],0.6,[10],0,6.03431514014657e-41,21.619999999999997,"[2.74878501e-43 1.62180804e-71 0.00000000e+00 0.00000000e+00
 3.01440879e-40]",[27.  27.  27.   0.  27.1]
[27],[15.44206112],[11],0.6,[10],0,1.210920749503591e-39,21.6,"[1.85211677e-45 1.42013796e-97 0.00000000e+00 0.00000000e+00
 6.05460190e-39]",[27. 27. 27.  0. 27.]
[27],[15.44206112],[12],0.6,[10],0,5.497570046622194e-44,21.6,"[1.54008828e-51 5.22439558e-98 0.00000000e+00 0.00000000e+00
 2.74878501e-43]",[27. 27. 27.  0. 27.]
[27],[15.44206112],[13],0.6,[10],0,8.159117351172314e-42,21.6,"[8.40859712e-50 6.89001510e-89 0.00000000e+00 0.00000000e+00
 4.07955867e-41]",[27. 27. 27.  0. 27.]
[27],[15.44206112],[14],0.6,[10],0,1.4943944674893522e-43,21.61,"[1.03770332e-053 4.76403211e-101 0.00000000e+000 0.00000000e+000
 7.47197234e-043]",[27.05 27.   27.    0.   27.  ]
[27],[15.44206112],[15],0.6,[10],0,8.159117334357196e-42,21.6,"[1.03770332e-53 1.55737037e-94 0.00000000e+00 0.00000000e+00
 4.07955867e-41]",[27. 27. 27.  0. 27.]
[27],[15.44206112],[16],0.6,[10],0,9.182030300727366e-49,21.6,"[7.66764807e-053 3.52017005e-100 0.00000000e+000 0.00000000e+000
 4.59093847e-048]",[27. 27. 27.  0. 27.]
[27],[15.44206112],[17],0.6,[10],0,1.1331336352775772e-52,21.6,"[2.89464031e-063 3.61235614e-110 0.00000000e+000 0.00000000e+000
 5.66566818e-052]",[27. 27. 27.  0. 27.]
[27],[15.44206112],[18],0.6,[10],0,2.5612553838785397e-58,21.6,"[5.30171867e-065 8.72562919e-103 0.00000000e+000 0.00000000e+000
 1.28062764e-057]",[27. 27. 27.  0. 27.]
[27],[15.44206112],[19],0.6,[10],0,3.377823760449065e-49,21.61,"[1.95039330e-065 6.78952746e-122 0.00000000e+000 0.00000000e+000
 1.68891188e-048]",[27.   27.   27.    0.   27.05]
[27],[15.44206112],[20],0.6,[10],0,7.63499437734235e-55,21.6,"[1.82510451e-078 3.70695639e-120 0.00000000e+000 0.00000000e+000
 3.81749719e-054]",[27. 27. 27.  0. 27.]
[27],[15.44206112],[21],0.6,[10],0,2.8087574648838077e-55,21.6,"[2.25235791e-082 5.79353612e-138 0.00000000e+000 0.00000000e+000
 1.40437873e-054]",[27. 27. 27.  0. 27.]
[27],[15.44206112],[22],0.6,[10],0,3.801239870530003e-56,21.61,"[4.96114844e-078 1.89391702e-131 0.00000000e+000 0.00000000e+000
 1.90061994e-055]",[27.05 27.   27.    0.   27.  ]
[27],[15.44206112],[23],0.6,[10],0,2.3355624970474174e-61,21.6,"[1.26195028e-090 5.50161108e-118 0.00000000e+000 0.00000000e+000
 1.16778125e-060]",[27. 27. 27.  0. 27.]
[27],[15.44206112],[24],0.6,[10],0,1.9420872915561693e-67,21.6,"[3.12806202e-093 2.39848787e-145 0.00000000e+000 0.00000000e+000
 9.71043646e-067]",[27. 27. 27.  0. 27.]
[27],[15.44206112],[25],0.6,[10],0,1.7709543767026864e-70,21.6,"[2.37187193e-102 7.33703005e-152 0.00000000e+000 0.00000000e+000
 8.85477188e-070]",[27. 27. 27.  0. 27.]
[27],[15.44206112],[26],0.6,[10],0,5.940890091041382e-74,21.6,"[7.75369053e-096 3.74855397e-163 0.00000000e+000 0.00000000e+000
 2.97044505e-073]",[27. 27. 27.  0. 27.]
[27],[15.44206112],[27],0.6,[10],0,5.940890091041382e-74,21.61,"[4.45800163e-114 3.74855397e-163 0.00000000e+000 0.00000000e+000
 2.97044505e-073]",[27.   27.   27.    0.   27.05]
[27],[15.44206112],[28],0.6,[10],0,2.9577950112864265e-75,21.6,"[1.10502813e-116 6.42467826e-178 0.00000000e+000 0.00000000e+000
 1.47889751e-074]",[27. 27. 27.  0. 27.]
[27],[15.44206112],[29],0.6,[10],0,2.697159928599209e-78,21.6,"[2.73909087e-119 5.94525703e-148 0.00000000e+000 0.00000000e+000
 1.34857996e-077]",[27. 27. 27.  0. 27.]
[27],[15.44206112],[30],0.6,[10],0,2.39672612170177e-71,21.6,"[7.25561126e-109 3.74855397e-163 0.00000000e+000 0.00000000e+000
 1.19836306e-070]",[27. 27. 27.  0. 27.]
[28],[15.44206112],[10],0.6,[10],0,2.808884982275433e-55,22.4,"[6.37586958e-059 1.45732848e-107 0.00000000e+000 0.00000000e+000
 1.40437873e-054]",[28. 28. 28.  0. 28.]
[28],[15.44206112],[11],0.6,[10],0,1.0069150717530011e-45,22.4,"[2.34555134e-059 9.18862622e-123 0.00000000e+000 0.00000000e+000
 5.03457536e-045]",[28. 28. 28.  0. 28.]
[28],[15.44206112],[12],0.6,[10],0,5.144652301534535e-57,22.43,"[1.16778125e-060 3.08244070e-126 0.00000000e+000 0.00000000e+000
 2.57220937e-056]",[28.15 28.   28.    0.   28.  ]
[28],[15.44206112],[13],0.6,[10],0,4.1685691514455875e-53,22.4,"[2.08428284e-052 2.07693220e-128 0.00000000e+000 0.00000000e+000
 1.73314104e-058]",[28. 28. 28.  0. 28.]
[28],[15.44206112],[14],0.6,[10],0,3.8012398734123166e-56,22.4,"[1.44115655e-064 2.07693220e-128 0.00000000e+000 0.00000000e+000
 1.90061994e-055]",[28. 28. 28.  0. 28.]
[28],[15.44206112],[15],0.6,[10],0,2.8823131019281783e-65,22.4,"[1.12138297e-083 2.56313796e-132 0.00000000e+000 0.00000000e+000
 1.44115655e-064]",[28. 28. 28.  0. 28.]
[28],[15.44206112],[16],0.6,[10],0,2.5612552778441668e-58,22.41,"[2.47001036e-079 4.94365196e-154 0.00000000e+000 0.00000000e+000
 1.28062764e-057]",[28.05 28.   28.    0.   28.  ]
[28],[15.44206112],[17],0.6,[10],0,1.2751739162557987e-59,22.41,"[1.15074971e-093 2.63026133e-142 0.00000000e+000 0.00000000e+000
 6.37586958e-059]",[28.   28.   28.    0.   28.05]
[28],[15.44206112],[18],0.6,[10],0,8.592054262347822e-62,22.4,"[1.26195028e-090 4.62608311e-167 0.00000000e+000 0.00000000e+000
 4.29602713e-061]",[28. 28. 28.  0. 28.]
[28],[15.44206112],[19],0.6,[10],0,6.96221367980862e-58,22.41,"[5.87928270e-105 9.78477197e-186 0.00000000e+000 0.00000000e+000
 3.48110684e-057]",[28.   28.   28.    0.   28.05]
[28],[15.44206112],[20],0.6,[10],0,9.669083276106672e-69,22.4,"[1.70786399e-091 1.45218892e-183 0.00000000e+000 0.00000000e+000
 4.83454164e-068]",[28. 28. 28.  0. 28.]
[28],[15.44206112],[21],0.6,[10],0,3.1608401205472262e-62,22.4,"[4.76403211e-101 1.29043112e-176 0.00000000e+000 0.00000000e+000
 1.58042006e-061]",[28. 28. 28.  0. 28.]
[28],[15.44206112],[22],0.6,[10],0,2.9577950112864265e-75,22.4,"[1.10502813e-116 8.34939253e-202 0.00000000e+000 0.00000000e+000
 1.47889751e-074]",[28. 28. 28.  0. 28.]
[28],[15.44206112],[23],0.6,[10],0,3.650209028714161e-79,22.4,"[3.70695639e-120 2.26960020e-201 0.00000000e+000 0.00000000e+000
 1.82510451e-078]",[28. 28. 28.  0. 28.]
[28],[15.44206112],[24],0.6,[10],0,2.4594914971059253e-81,22.4,"[1.84558491e-121 8.56804611e-212 0.00000000e+000 0.00000000e+000
 1.22974575e-080]",[28. 28. 28.  0. 28.]
[28],[15.44206112],[25],0.6,[10],0,6.096469901943713e-84,22.419999999999998,"[8.59836997e-136 2.06960749e-204 0.00000000e+000 0.00000000e+000
 3.04823495e-083]",[28.05 28.   28.    0.   28.05]
[28],[15.44206112],[26],0.6,[10],0,5.559260957128382e-87,22.4,"[3.16316354e-136 1.67702032e-200 0.00000000e+000 0.00000000e+000
 2.77963048e-086]",[28. 28. 28.  0. 28.]
[28],[15.44206112],[27],0.6,[10],0,1.5111638039423922e-86,22.4,"[1.47368188e-150 7.81304673e-215 0.00000000e+000 0.00000000e+000
 7.55581902e-086]",[28. 28. 28.  0. 28.]
[28],[15.44206112],[28],0.6,[10],0,7.040340109168958e-101,22.41,"[9.29173632e-166 9.25896716e-242 0.00000000e+000 0.00000000e+000
 3.52017005e-100]",[28.   28.   28.    0.   28.05]
[28],[15.44206112],[29],0.6,[10],0,2.0986958079917434e-97,22.41,"[6.10095120e-158 5.92428989e-224 0.00000000e+000 0.00000000e+000
 1.04934790e-096]",[28.05 28.   28.    0.   28.  ]
[28],[15.44206112],[30],0.6,[10],0,7.720670410328513e-98,22.4,"[4.50802707e-157 4.92621719e-230 0.00000000e+000 0.00000000e+000
 3.86033521e-097]",[28. 28. 28.  0. 28.]
[29],[15.44206112],[10],0.6,[10],0,2.5612552778441668e-58,23.2,"[2.53469490e-089 2.84236370e-172 0.00000000e+000 0.00000000e+000
 1.28062764e-057]",[29. 29. 29.  0. 29.]
[29],[15.44206112],[11],0.6,[10],0,1.9420872915561693e-67,23.2,"[9.32462145e-090 1.55187800e-170 0.00000000e+000 0.00000000e+000
 9.71043646e-067]",[29. 29. 29.  0. 29.]
[29],[15.44206112],[12],0.6,[10],0,2.396726123519102e-71,23.2,"[9.08666032e-080 1.17672087e-179 0.00000000e+000 0.00000000e+000
 1.19836306e-070]",[29. 29. 29.  0. 29.]
[29],[15.44206112],[13],0.6,[10],0,4.8139531012209276e-70,23.2,"[9.32462145e-090 2.84236370e-172 0.00000000e+000 0.00000000e+000
 2.40697655e-069]",[29. 29. 29.  0. 29.]
[29],[15.44206112],[14],0.6,[10],0,4.277731929799078e-63,23.2,"[5.22439558e-098 2.42540248e-188 0.00000000e+000 0.00000000e+000
 2.13886596e-062]",[29. 29. 29.  0. 29.]
[29],[15.44206112],[15],0.6,[10],0,1.1628080971791877e-62,23.2,"[4.23337159e-094 6.01197168e-191 0.00000000e+000 0.00000000e+000
 5.81404049e-062]",[29. 29. 29.  0. 29.]
[29],[15.44206112],[16],0.6,[10],0,4.6911026770858286e-60,23.2,"[2.16286723e-105 6.94275967e-208 0.00000000e+000 0.00000000e+000
 2.34555134e-059]",[29. 29. 29.  0. 29.]
[29],[15.44206112],[17],0.6,[10],0,2.697159928599209e-78,23.2,"[7.95674389e-106 3.79061834e-206 0.00000000e+000 0.00000000e+000
 1.34857996e-077]",[29. 29. 29.  0. 29.]
[29],[15.44206112],[18],0.6,[10],0,7.144539875238435e-68,23.2,"[9.81940205e-110 2.94953026e-225 0.00000000e+000 0.00000000e+000
 3.57226994e-067]",[29. 29. 29.  0. 29.]
[29],[15.44206112],[19],0.6,[10],0,3.1147407485938925e-95,23.2,"[1.36371304e-120 1.50694127e-236 0.00000000e+000 0.00000000e+000
 1.55737037e-094]",[29. 29. 29.  0. 29.]
[29],[15.44206112],[20],0.6,[10],0,1.5111638039423922e-86,23.2,"[2.56313796e-132 1.41013882e-249 0.00000000e+000 0.00000000e+000
 7.55581902e-086]",[29. 29. 29.  0. 29.]
[29],[15.44206112],[21],0.6,[10],0,4.107769108081652e-86,23.2,"[6.35338381e-135 1.25306494e-242 0.00000000e+000 0.00000000e+000
 2.05388455e-085]",[29. 29. 29.  0. 29.]
[29],[15.44206112],[22],0.6,[10],0,8.25067480923037e-85,23.2,"[2.33727929e-135 7.69909710e-248 0.00000000e+000 0.00000000e+000
 4.12533740e-084]",[29. 29. 29.  0. 29.]
[29],[15.44206112],[23],0.6,[10],0,1.044879116758344e-98,23.2,"[1.51227461e-160 5.60593601e-280 0.00000000e+000 0.00000000e+000
 5.22439558e-098]",[29. 29. 29.  0. 29.]
[29],[15.44206112],[24],0.6,[10],0,6.256124031203982e-94,23.2,"[1.99441155e-151 2.22861168e-310 0.00000000e+000 0.00000000e+000
 3.12806202e-093]",[29. 29. 29.  0. 29.]
[29],[15.44206112],[25],0.6,[10],0,7.720670410328513e-98,23.2,"[2.24441452e-158 2.68013796e-304 0.00000000e+000 0.00000000e+000
 3.86033521e-097]",[29. 29. 29.  0. 29.]
[29],[15.44206112],[26],0.6,[10],0,2.589996385017967e-101,23.2,"[9.78477197e-186 1.53160350e-322 0.00000000e+000 0.00000000e+000
 1.29499819e-100]",[29. 29. 29.  0. 29.]
[29],[15.44206112],[27],0.6,[10],0,2.8402759160205435e-98,23.2,"[4.87155111e-187 0.00000000e+000 0.00000000e+000 0.00000000e+000
 1.42013796e-097]",[29. 29. 29.  0. 29.]
[29],[15.44206112],[28],0.6,[10],0,1.7908271281542973e-113,23.2,"[4.99912711e-197 1.53160350e-322 0.00000000e+000 0.00000000e+000
 8.95413564e-113]",[29. 29. 29.  0. 29.]
[29],[15.44206112],[29],0.6,[10],0,4.153864408773419e-129,23.2,"[1.27161079e-209 0.00000000e+000 0.00000000e+000 0.00000000e+000
 2.07693220e-128]",[29. 29. 29.  0. 29.]
[29],[15.44206112],[30],0.6,[10],0,1.963880409747213e-110,23.2,"[1.23915972e-199 0.00000000e+000 0.00000000e+000 0.00000000e+000
 9.81940205e-110]",[29. 29. 29.  0. 29.]
[30],[15.44206112],[10],0.6,[10],0,8.04012043148671e-75,24.0,"[4.23337159e-094 2.68962345e-228 0.00000000e+000 0.00000000e+000
 4.02006022e-074]",[30. 30. 30.  0. 30.]
[30],[15.44206112],[11],0.6,[10],0,6.5149770644150426e-71,24.0,"[1.04934790e-096 2.94953026e-225 0.00000000e+000 0.00000000e+000
 3.25748853e-070]",[30. 30. 30.  0. 30.]
[30],[15.44206112],[12],0.6,[10],0,3.035253638106965e-85,24.0,"[3.08244070e-126 8.89108993e-265 0.00000000e+000 0.00000000e+000
 1.51762682e-084]",[30. 30. 30.  0. 30.]
[30],[15.44206112],[13],0.6,[10],0,1.193259672802114e-72,24.0,"[5.01681993e-121 4.73048875e-253 0.00000000e+000 0.00000000e+000
 5.96629836e-072]",[30. 30. 30.  0. 30.]
[30],[15.44206112],[14],0.6,[10],0,2.0451378142346066e-87,24.0,"[3.08244070e-126 1.88058203e-283 0.00000000e+000 0.00000000e+000
 1.02256891e-086]",[30. 30. 30.  0. 30.]
[30],[15.44206112],[15],0.6,[10],0,4.622685142843439e-93,24.0,"[6.96733135e-132 1.00056036e-271 0.00000000e+000 0.00000000e+000
 2.31134257e-092]",[30. 30. 30.  0. 30.]
[30],[15.44206112],[16],0.6,[10],0,1.3780030198138282e-89,24.0,"[1.72702878e-134 1.67110597e-276 0.00000000e+000 0.00000000e+000
 6.89001510e-089]",[30. 30. 30.  0. 30.]
[30],[15.44206112],[17],0.6,[10],0,3.1147407485938925e-95,24.0,"[1.08891181e-149 5.03739654e-316 0.00000000e+000 0.00000000e+000
 1.55737037e-094]",[30. 30. 30.  0. 30.]
[30],[15.44206112],[18],0.6,[10],0,8.466743177263699e-95,24.0,"[1.65841048e-157 0.00000000e+000 0.00000000e+000 0.00000000e+000
 4.23337159e-094]",[30. 30. 30.  0. 30.]
[30],[15.44206112],[19],0.6,[10],0,2.914656957102464e-108,24.0,"[5.07311613e-164 0.00000000e+000 0.00000000e+000 0.00000000e+000
 1.45732848e-107]",[30. 30. 30.  0. 30.]
[30],[15.44206112],[20],0.6,[10],0,2.589996385017967e-101,24.0,"[1.01896261e-162 0.00000000e+000 0.00000000e+000 0.00000000e+000
 1.29499819e-100]",[30. 30. 30.  0. 30.]
[30],[15.44206112],[21],0.6,[10],0,7.720670410328513e-98,24.0,"[2.65977679e-185 0.00000000e+000 0.00000000e+000 0.00000000e+000
 3.86033521e-097]",[30. 30. 30.  0. 30.]
[30],[15.44206112],[22],0.6,[10],0,2.1536563765168614e-107,24.0,"[1.67702032e-200 0.00000000e+000 0.00000000e+000 0.00000000e+000
 1.07682819e-106]",[30. 30. 30.  0. 30.]
[30],[15.44206112],[23],0.6,[10],0,8.130342583495754e-118,24.0,"[2.72943092e-195 0.00000000e+000 0.00000000e+000 0.00000000e+000
 4.06517129e-117]",[30. 30. 30.  0. 30.]
[30],[15.44206112],[24],0.6,[10],0,2.210056250386328e-117,24.0,"[3.07156986e-202 0.00000000e+000 0.00000000e+000 0.00000000e+000
 1.10502813e-116]",[30. 30. 30.  0. 30.]
[30],[15.44206112],[25],0.6,[10],0,2.068087313104389e-130,24.0,"[1.90841537e-250 0.00000000e+000 0.00000000e+000 0.00000000e+000
 1.03404366e-129]",[30. 30. 30.  0. 30.]
[30],[15.44206112],[26],0.6,[10],0,9.38910187576253e-135,24.0,"[6.23864300e-244 0.00000000e+000 0.00000000e+000 0.00000000e+000
 4.69455094e-134]",[30. 30. 30.  0. 30.]
[30],[15.44206112],[27],0.6,[10],0,2.327325671148856e-137,24.0,"[4.20356459e-246 0.00000000e+000 0.00000000e+000 0.00000000e+000
 1.16366284e-136]",[30. 30. 30.  0. 30.]
[30],[15.44206112],[28],0.6,[10],0,1.528121317401509e-129,24.0,"[9.02268151e-232 0.00000000e+000 0.00000000e+000 0.00000000e+000
 7.64060659e-129]",[30. 30. 30.  0. 30.]
[30],[15.44206112],[29],0.6,[10],0,3.54451228309468e-145,24.0,"[4.03654858e-269 0.00000000e+000 0.00000000e+000 0.00000000e+000
 1.77225614e-144]",[30. 30. 30.  0. 30.]
[30],[15.44206112],[30],0.6,[10],0,1.33810107625323e-155,24.0,"[1.20327817e-265 0.00000000e+000 0.00000000e+000 0.00000000e+000
 6.69050538e-155]",[30. 30. 30.  0. 30.]
